"Country","Year","Combustible fuels","Hydro","Solar","Wind","Nuclear fuels and other fuels n.e.c.","Natural gas","Renewables and biofuels"
"Bulgaria","2019-01",2258.89,268.191,54.381,158.031,1486.361,246.353,560.545
"Bulgaria","2019-02",1845.247,328.994,83.937,169.365,1352.143,234.159,657.043
"Bulgaria","2019-03",1554.049,296.738,139.382,133.213,1495.897,213.455,594.263
"Bulgaria","2019-04",1379.775,282.423,131.156,85.111,1431.42,187.027,526.974
"Bulgaria","2019-05",1375.143,374.126,150.771,91.33,750.235,125.296,693.572
"Bulgaria","2019-06",896.189,460.469,157.21,84.033,1215.83,92.043,763.351
"Bulgaria","2019-07",1314.809,276.247,165.581,56.691,1440.786,98.476,599.295
"Bulgaria","2019-08",1362.459,252.31,171.928,89.461,1462.872,94.607,612.78
"Bulgaria","2019-09",1406.239,165.861,139.166,87.395,1193.353,94.176,445.493
"Bulgaria","2019-10",1770.537,181.817,122.407,60.497,918.528,116.781,446.36
"Bulgaria","2019-11",1604.063,209.061,50.317,145.322,1432.184,163.914,458.631
"Bulgaria","2019-12",1700.854,259.073,58.053,157.341,1532.836,233.763,532.93
"Bulgaria","2020-01",1650.42,148.865,85.037,167.657,1532.529,257.504,479.482
"Bulgaria","2020-02",1572.737,158.618,94.662,176.257,1433.063,220.636,418.507
"Bulgaria","2020-03",1417.26,335.05,115.196,188.932,1514.379,211.943,638.451
"Bulgaria","2020-04",1115.59,451.699,155.501,127.131,941.924,131.477,746.31
"Bulgaria","2020-05",914.831,424.22,151.251,124.065,886.07,88.762,729.003
"Bulgaria","2020-06",842.407,382.408,155.494,68.726,1451.806,86.541,660.548
"Bulgaria","2020-07",1023.758,302.918,177.397,71.232,1494.902,83.561,654.945
"Bulgaria","2020-08",1061.36,240.679,168.76,78.551,1482.825,107.958,588.641
"Bulgaria","2020-09",1163.197,197.526,151.778,106.878,1195.389,103.464,580.954
"Bulgaria","2020-10",1374.451,203.192,110.722,92.499,920.059,187.247,535
"Bulgaria","2020-11",1437.097,239.489,78.141,112.559,1446.393,264.202,562.453
"Bulgaria","2020-12",1562.621,289.958,34.477,163.639,1487.928,293.081,584.58
"Bulgaria","2021-01",1548.855,559.945,61.798,173.858,1457.399,331.268,874.096
"Bulgaria","2021-02",1336.965,534.611,90.674,130.717,1354.824,294.147,849.767
"Bulgaria","2021-03",1602.355,518.521,121.411,161.937,1510.119,319.957,955.839
"Bulgaria","2021-04",1602.514,609.889,143.82,80.575,1090.098,192.105,984.332
"Bulgaria","2021-05",1376.499,610.364,172.897,103.121,781.924,191.451,995.299
"Bulgaria","2021-06",815.452,521.914,154.233,86.449,1410.021,155.889,886.529
"Bulgaria","2021-07",1437.713,333.183,191.896,84.865,1459.986,257.78,786.035
"Bulgaria","2021-08",1616.915,244.447,185.531,65.243,1466.382,175.795,673.599
"Bulgaria","2021-09",1846.329,197.894,140.316,95.409,1364.466,191.244,635.023
"Bulgaria","2021-10",2282.402,265.637,98.263,121.035,753.933,155.015,716.173
"Bulgaria","2021-11",2101.234,236.688,70.75,124.628,1466.962,186.109,637.008
"Bulgaria","2021-12",2296.642,461.316,55.529,206.351,1534.717,254.157,923.093
"Bulgaria","2022-01",2432.371,422.157,90.329,219.223,1539.181,316.188,909.474
"Bulgaria","2022-02",2146.514,280.854,108.734,143.742,1389.431,205.162,716.07
"Bulgaria","2022-03",2406.975,378.875,154.708,203.201,1535.552,199.943,925.485
"Bulgaria","2022-04",1791.826,364.486,182.588,139.042,1274.945,158.205,858.707
"Bulgaria","2022-05",1760.327,407.05,226.508,72.224,823.199,102.54,812.096
"Bulgaria","2022-06",1538.728,429.99,206.991,84.241,1426.203,102.575,817.63
"Bulgaria","2022-07",1702.002,310.82,247.169,76.528,1483.242,91.443,788.55
"Bulgaria","2022-08",1679.23,297.548,220.218,95.472,1478.799,79.787,761.966
"Bulgaria","2022-09",1640.577,195.655,214.94,106.333,1216.993,85.003,651.858
"Bulgaria","2022-10",1611.375,223.559,198.395,92.313,757.173,94.755,666.746
"Bulgaria","2022-11",2009.881,218.338,100.312,126.164,1347.077,152.526,606.435
"Bulgaria","2022-12",2135.821,265.921,80.697,140.551,1343.205,206.007,630.306
"Bulgaria","2023-01",1976.855,244.587,78.603,186.168,1538.084,212.515,686.799
"Bulgaria","2023-02",1756.101,247.621,159.907,189.09,1390.628,193.054,737.572
"Bulgaria","2023-03",1301.434,201.887,217.632,123.299,1538.204,195.967,679.347
"Bulgaria","2023-04",958.774,286.049,249.36,131.925,1165.646,172.115,806.843
"Bulgaria","2023-05",780.791,390.366,295.796,106.857,727.836,93.409,915.176
"Bulgaria","2023-06",508.831,511.189,375.747,58.139,1306.33,81.42,1023.909
"Bulgaria","2023-07",776.574,307.296,454.611,104.786,1448.074,80.615,976.696
"Bulgaria","2023-08",780.192,237.634,449.085,103.788,1390.477,109.367,893.864
"Bulgaria","2023-09",893.388,139.271,371.83,129.943,1346.213,93.936,774.56
"Bulgaria","2023-10",1045.825,123.958,325.615,110.177,917.336,100.636,705.718
"Bulgaria","2023-11",1185.413,208.299,184.493,165.593,1069.463,165.52,695.45
"Bulgaria","2023-12",1392.454,201.077,165.081,174.087,1504.651,221.225,651.914
"Bulgaria","2024-01",1303.201,207.422,193.513,193.162,1505.508,240.209,736.059
"Bulgaria","2024-02",927.548,206.245,258.039,149.182,1408.781,203.398,737.042
"Bulgaria","2024-03",845.361,270.546,342.313,101.323,1504.102,209.594,804.378
"Bulgaria","2024-04",592.407,392.831,458.738,130.085,1414.976,124.922,1067.909
"Bulgaria","2024-05",530.383,502.847,484.395,88.794,800.463,116.91,1177.245
"Bulgaria","2024-06",460.644,379.356,631.314,56.897,765.955,108.251,1150.692
"Bulgaria","2024-07",957.609,286.688,676.444,85.306,1235.649,102.405,1159.812
"Bulgaria","2024-08",790.157,219.436,625.946,77.863,1420.847,111.908,1045.955
"Bulgaria","2024-09",823.808,135.242,475.574,100.869,1390.706,112.478,841.621
"Bulgaria","2024-10",835.295,91.28,490.815,97.431,1161.977,128.986,818.835
"Bulgaria","2024-11",1317.288,98.09,303.061,127.329,876.473,176.219,671.521
"Bulgaria","2024-12",1538.105,108.696,184.029,168.843,1473.567,219.688,595.067
"Bulgaria","2025-01",1760.611,175.217,303.38,128.428,1474.365,208.546,751.184
"Bulgaria","2025-02",1785.161,219.998,358.278,148.6,1331.018,201.843,866.321
"Bulgaria","2025-03",947.594,177.315,484.973,124.383,1471.718,192.007,929.496
"Bulgaria","2025-04",761.719,277.263,519.801,94.277,1413.377,172.115,989.15
"Bulgaria","2025-05",574.676,352.251,617.21,84.03,790.047,119.609,1120.966
"Bulgaria","2025-06",575.138,289.713,806.499,71.843,1079.865,98.22,1238.152
"Bulgaria","2025-07",702.522,257.709,932.948,74.597,1067.076,102.209,1341.904
"Bulgaria","2025-08",605.648,246.599,711.555,73.604,1294.552,98.44,1094.248
"Germany","2019-01",30193.837,1956.213,809,14166,6815.494,8475.136,17851.972
"Germany","2019-02",26598.756,1687.538,1991,11082,6192.543,7124.563,15754.939
"Germany","2019-03",21382.769,2284.022,3266,16771,6710.874,6087.599,23184.135
"Germany","2019-04",21895.662,1974.883,5548,9230,5683.884,5670.031,17625.571
"Germany","2019-05",21499.427,2015.995,5430,8424,4615.676,5633.917,16804.41
"Germany","2019-06",18269.066,2105.353,6991,6691,4565.842,5309.609,16676.492
"Germany","2019-07",21187.773,1805.206,6209,6680,5430.178,6364.497,15637.213
"Germany","2019-08",20749.002,1940.242,5711,5892,5470.171,6467.898,14458.442
"Germany","2019-09",20081.379,1654.25,4233,9267,5790.504,6503.13,15984.684
"Germany","2019-10",23625.623,1846.497,2652,11844,6742.372,7755.499,17218.232
"Germany","2019-11",27647.067,1673.012,1048,10250,6453.344,7814.988,13889.179
"Germany","2019-12",21970.116,1832.009,1007,15451,6521.292,6660.974,19214.217
"Germany","2020-01",24404.454,1660.882,1191,16267,5810.884,8109.667,20075.773
"Germany","2020-02",17766.093,2046.901,1817,20681,5165.336,6477.704,25408.808
"Germany","2020-03",19122.571,2147.66,4400,14412,5401.548,6590.407,21837.661
"Germany","2020-04",13650.483,1765.563,6930,8910,4724.67,4787.175,18325.885
"Germany","2020-05",14014.209,1894.43,6728,7770,4286.108,5066.652,17195.741
"Germany","2020-06",17160.781,1890.425,6248,6525,4658.018,6597.67,15596.281
"Germany","2020-07",18443.239,1968.046,6912,7136,4229.395,7185.874,16913.514
"Germany","2020-08",19757.059,1696.615,5981,6892,5590.203,6409.257,15479.946
"Germany","2020-09",21253.582,1703.647,5081,6473,5290.334,6249.947,14151.965
"Germany","2020-10",22461.093,2141.908,2420,13710,5129.901,6718.307,19184.181
"Germany","2020-11",26271.195,1667.748,1669,11438,4787.898,8163.702,15722.499
"Germany","2020-12",25584.62,1630.132,753,11859,5842.473,8389.763,15233.421
"Germany","2021-01",28057.888,1623.31,670,11744,5925.936,8820.575,15048.488
"Germany","2021-02",22618.87,1783.455,2178,11442,5369.449,8076.368,16364.068
"Germany","2021-03",22723.872,1827.304,4514,11702,5503.866,7981.264,19048.362
"Germany","2021-04",21123.483,1432.969,6028,9708,5147.874,7344.199,18208.449
"Germany","2021-05",16105.809,2012.198,6505,10257,5279.611,5042.66,19925.99
"Germany","2021-06",19317.152,2075.922,7831,4500,4944.05,5403.161,15379.38
"Germany","2021-07",18509.942,2051.989,6863,6027,5517.204,4974.114,16042.709
"Germany","2021-08",17720.569,2139.715,5805,8207,5792.588,3844.675,17290.857
"Germany","2021-09",23007.459,1757.862,5278,5915,5456.318,5012.896,13970.453
"Germany","2021-10",22083.878,1488.613,3538,13327,5303.328,4937.277,19354.446
"Germany","2021-11",27735.834,1488.575,1223,10508,5604.286,7986.409,14163.172
"Germany","2021-12",27056.039,1803.217,788,12411,5599.759,7848.549,15996.331
"Germany","2022-01",26900.927,1844.526,1065,16310,2900.984,8120.754,20234.993
"Germany","2022-02",20701.173,1797.732,2466,21017,2690.747,6272.237,26231.304
"Germany","2022-03",27987.306,1625.674,6065,8237,2968.431,7839.294,17042.868
"Germany","2022-04",21431.68,1773.329,6231,11544,2860.039,5694.971,20591.993
"Germany","2022-05",20308.112,1824.455,8159,7986,2236.43,5180.808,19085.878
"Germany","2022-06",20742.243,1787.628,8589,5612,2166.173,4974.848,17021.559
"Germany","2022-07",20728.265,1595.67,8689,7371,2920.14,4478.255,18595.525
"Germany","2022-08",22387.668,1382.197,8097,4602,2936.121,4821.179,15094.665
"Germany","2022-09",21641.675,1456.874,5346,8205,2887.955,4204.186,15999.829
"Germany","2022-10",20685.82,1852.471,3967,11167,2664.503,5099.647,17964.097
"Germany","2022-11",23403.463,1631.43,1898,13071,2831.688,5524.235,17537.329
"Germany","2022-12",26123.039,1727.605,732,12204,2702.198,7425.813,15658.051
"Germany","2023-01",24148.297,1832.497,955,17709,1726.606,6929.031,21502.456
"Germany","2023-02",23948.085,1370.261,2629,12314,1899.468,7054.679,17439.565
"Germany","2023-03",21216.359,1857.269,4192,14763,2131.869,6672.227,21852.151
"Germany","2023-04",18534.226,2096.344,6039,10244,965.065,5607.915,19344.907
"Germany","2023-05",14626.903,2355.944,8809,8429,0,4756.696,20587.147
"Germany","2023-06",14630.004,1655.247,9802,6126,0,4695.18,18632.839
"Germany","2023-07",13456.161,1506.962,8541,10280,0,4483.581,21459.06
"Germany","2023-08",15090.268,1894.075,7290,7101,0,4760.543,17376.65
"Germany","2023-09",16014.1,1641.266,7405,6762,0,4494.134,16828.206
"Germany","2023-10",17986.443,1381.162,3781,14559,0,5224.676,20701.312
"Germany","2023-11",20494.381,1973.391,1572,16965,0,6425.552,21626.206
"Germany","2023-12",19988.02,2321.421,891,19475,0,6424.451,23798.766
"Germany","2024-01",21883.583,2209.92,1692,18833,0,8143.58,23873.917
"Germany","2024-02",17908.115,2017.337,2542,17151,0,6337.23,22803.256
"Germany","2024-03",18652.114,2033.965,5394,12128,0,6590.936,20628.887
"Germany","2024-04",14782.617,2127.344,7285,11891,0,5783.415,22126.911
"Germany","2024-05",13684.493,2380.986,9794,7847,0,4832.9,20923.63
"Germany","2024-06",13838.435,2174.985,10140,7328,0,4358.718,20511.733
"Germany","2024-07",13719.453,2385.583,10636,7302,0,4201.465,21096.761
"Germany","2024-08",14595.817,2068.914,10150,6748,0,4367.39,19815.381
"Germany","2024-09",14257.95,2041.178,7106,10971,0,4229.138,20921.318
"Germany","2024-10",18167.709,2149.678,4059,10781,0,5227.403,18022.323
"Germany","2024-11",21991.071,1624.547,1862,12485,0,7875.394,17022.044
"Germany","2024-12",20315.821,1958.778,1275,16177,0,7737.96,20446.15
"Germany","2025-01",22840.137,1980.954,1998,15534,0,9135.247,20562.344
"Germany","2025-02",23378.711,1691.073,3557,9465,0,8971.976,15725.482
"Germany","2025-03",20545.634,1605.62,7789,8356,0,7190.51,18658.335
"Germany","2025-04",15929.957,1640.675,10189,6946,0,5201.02,19592.988
"Germany","2025-05",12289.807,1778.865,11674,9738,0,4327.637,23913.656
"Germany","2025-06",11546.108,1912.878,12222,10506,0,3662.882,25373.096
"Germany","2025-07",14883.878,1872.679,10784,7811,0,4293.492,21329.137
"Germany","2025-08",12810.564,1963.429,11783,7214,0,4088.412,21800.171
"Denmark","2019-01",1873.416,1.507,16.092,1561.769,0,316.699,2192.178
"Denmark","2019-02",1419.123,1.692,38.243,1343.338,0,232.859,1892.656
"Denmark","2019-03",1295.622,2.216,73.214,1874.613,0,195.948,2452.079
"Denmark","2019-04",956.133,1.27,141.923,1000.081,0,123.014,1512.945
"Denmark","2019-05",673.573,0.943,136.491,1479.983,0,103.739,1901.373
"Denmark","2019-06",325.163,0.736,147.579,979.015,0,66.324,1294.116
"Denmark","2019-07",373.47,0.565,140.179,1110.41,0,64.531,1493.221
"Denmark","2019-08",382.298,0.802,119.012,944.75,0,73.509,1290.834
"Denmark","2019-09",446.708,1.123,79.495,1508.606,0,82.49,1817.895
"Denmark","2019-10",909.81,1.833,45.69,1260.08,0,168.768,1729.462
"Denmark","2019-11",1253.318,2.054,13.827,1254.256,0,220.676,1826.145
"Denmark","2019-12",1412.214,2.273,11.524,1832.932,0,204.492,2459.333
"Denmark","2020-01",1342.566,2.133,13.319,2169.25,0,147.809,2778.246
"Denmark","2020-02",1159.851,2.701,30.077,2075.416,0,116.878,2600.028
"Denmark","2020-03",1135.772,2.642,104.14,1564.219,0,116.856,2143.486
"Denmark","2020-04",739.174,1.342,155.038,1213.57,0,69.266,1711.373
"Denmark","2020-05",653.9,1.107,186.34,1251.597,0,65.17,1667.439
"Denmark","2020-06",524.518,0.884,181.399,777.522,0,60.903,1191.464
"Denmark","2020-07",443.455,0.864,152.642,1309.106,0,52.177,1615.33
"Denmark","2020-08",475.619,0.8,159.579,696.204,0,46.635,1047.171
"Denmark","2020-09",568.142,1.044,110.238,1083.211,0,68.444,1460.982
"Denmark","2020-10",727.774,1.08,57.085,1439.479,0,88.269,1795.301
"Denmark","2020-11",953.725,1.249,24.097,1452.401,0,113.614,1903.062
"Denmark","2020-12",1402.015,1.279,7.13,1321.374,0,185.077,1951.215
"Denmark","2021-01",2049.315,1.912,15.915,1191.995,0,282.242,1993.81
"Denmark","2021-02",1733.447,1.503,41.992,1552.711,0,246.727,2271.294
"Denmark","2021-03",1438.313,1.695,103.11,1527.182,0,168.734,2292.819
"Denmark","2021-04",1198.017,1.277,171.783,1418.426,0,109.218,2190.924
"Denmark","2021-05",901.7,1.476,157.085,1078.891,0,96.883,1709.74
"Denmark","2021-06",746.154,1.04,204.586,836.395,0,51.414,1410.212
"Denmark","2021-07",565.289,0.744,187.591,1004.844,0,37.178,1326.126
"Denmark","2021-08",605.48,0.983,167.166,1357.635,0,41.717,1799.963
"Denmark","2021-09",1007.712,1.006,118.112,1021.089,0,57.472,1546.76
"Denmark","2021-10",1084.273,1.502,73.598,1725.876,0,68.832,2371.13
"Denmark","2021-11",1432.653,1.398,26.964,1589.804,0,143.302,2297.097
"Denmark","2021-12",1805.64,1.831,10.614,1749.619,0,184.394,2499.42
"Denmark","2022-01",1526.197,1.9,25.462,2346.571,0,137.786,3205.549
"Denmark","2022-02",1197.187,2.1,62.62,2492.233,0,84.715,3267.323
"Denmark","2022-03",1687.825,2,209.317,1215.994,0,169.847,2225.093
"Denmark","2022-04",1053.326,1.3,267.107,1447.162,0,69.949,2327.291
"Denmark","2022-05",882.814,0.9,299.439,1336.662,0,60.187,2097.873
"Denmark","2022-06",628.727,0.8,282.557,936.749,0,57.536,1530.083
"Denmark","2022-07",678.129,0.7,287.546,1542.141,0,35.52,2199.785
"Denmark","2022-08",730.45,0.7,271.868,738.076,0,36.329,1416.079
"Denmark","2022-09",822.918,0.8,190.525,1393.884,0,46.084,2052.692
"Denmark","2022-10",711.612,1.1,115.882,1695.672,0,75.101,2251.143
"Denmark","2022-11",1028.842,1.2,32.607,2130.395,0,93.364,2782.893
"Denmark","2022-12",1616.075,1.4,20.084,1746.698,0,249.636,2658.544
"Denmark","2023-01",1297.48,2.753,37.219,2243.522,0,158.188,3079.375
"Denmark","2023-02",1227.335,1.955,97.252,1808.622,0,152.63,2687.324
"Denmark","2023-03",1171.652,1.853,187.611,1779.341,0,140.215,2721.124
"Denmark","2023-04",893.993,1.841,416.482,1447.555,0,69.778,2518.396
"Denmark","2023-05",605.997,1.059,527.515,1457.042,0,35.653,2475.457
"Denmark","2023-06",466.355,0.49,574.137,820.629,0,18.718,1704.804
"Denmark","2023-07",496.977,0.825,465.596,1486.782,0,18.488,2267.851
"Denmark","2023-08",521.152,1.035,388.026,1051.316,0,23.829,1713.829
"Denmark","2023-09",509.163,1.055,355.355,1146.253,0,25.14,1863.053
"Denmark","2023-10",436.877,1.769,137.625,2149.014,0,44.018,2571.699
"Denmark","2023-11",1006.115,2.486,51.717,1686.217,0,108.198,2338.01
"Denmark","2023-12",1200.429,2.506,21.437,2312.865,0,123.118,3083.06
"Denmark","2024-01",1304.099,2.886,55.83,2562.544,0,198.393,3274.437
"Denmark","2024-02",1088.378,3.068,99.399,2270.172,0,111.586,3046.129
"Denmark","2024-03",1084.41,2.291,239.949,1971.736,0,94.762,2863.231
"Denmark","2024-04",727.327,2.49,398.032,1713.618,0,56.055,2581.982
"Denmark","2024-05",501.787,1.576,632.749,1331.237,0,25.679,2289.421
"Denmark","2024-06",364.563,1.426,564.371,1354.874,0,31.472,2122.417
"Denmark","2024-07",472.755,1.592,535.526,1238.606,0,20.103,2013.108
"Denmark","2024-08",486.903,1.377,505.297,1205.647,0,18.414,1960.703
"Denmark","2024-09",538.864,1.345,411.314,1224.679,0,23.729,1957.914
"Denmark","2024-10",831.922,1.462,234.934,1789.689,0,60.58,2524.553
"Denmark","2024-11",1163.675,0,68.752,1658.711,0,120.454,2448.64
"Denmark","2024-12",1109.406,0,30.051,2231.229,0,116.692,2985.645
"Denmark","2025-01",1178.957,2.558,60.688,2145.183,0,147.47,3032.718
"Denmark","2025-02",1191.807,1.569,149.897,1476.021,0,148.336,2370.339
"Denmark","2025-03",999.068,1.391,406.507,1695.737,0,85.187,2785.46
"Denmark","2025-04",730.448,1.235,498.261,882.881,0,44.49,1898.71
"Denmark","2025-05",373.526,0.002,662.832,1397.744,0,16.273,2356.297
"Denmark","2025-06",221.357,0,616.631,1625.497,0,17.419,2383.864
"Denmark","2025-07",278.928,0,628.752,1076.428,0,23.172,1889.935
"Denmark","2025-08",279.036,0,593.652,1206.598,0,24.028,1998.379
"Spain","2019-01",10539.737,2292.735,667.656,6027.684,5041.367,5625,9200.047
"Spain","2019-02",8542.712,2671.719,888.817,3694.752,4766.786,4662.989,7421.343
"Spain","2019-03",7069.873,2321.943,1282.439,4921.735,5274.747,4546.247,8726.171
"Spain","2019-04",7387.18,2054.32,1075.791,4663.067,4621.663,5049.719,8026.843
"Spain","2019-05",8202.708,2061.877,1672.737,4677.652,3976.917,6291.906,8617.855
"Spain","2019-06",9462.732,1681.911,1702.873,3694.752,4647.877,7434.488,7387.187
"Spain","2019-07",11743.883,1607.984,1718.262,3441.769,5123.112,9329.016,7150.648
"Spain","2019-08",11420.054,1326.959,1748.633,2892.232,5068.144,9214,6297.455
"Spain","2019-09",9847.574,1330.232,1305.842,3893.36,4995.508,7584.916,6804.936
"Spain","2019-10",10363.442,1236.322,1090.796,3809.8,4530.669,7909.643,6408.692
"Spain","2019-11",8321.99,2830.893,592.315,7443.528,3427.526,6179.626,11078.346
"Spain","2019-12",6980.668,4945.852,579.48,5464.17,4350.071,4957.446,11045.822
"Spain","2020-01",8150.109,3958.965,706.348,4622.515,5289.227,5715.239,9453.673
"Spain","2020-02",6904.791,3064.546,1194.992,4267.682,4885.683,4624.221,8705.035
"Spain","2020-03",5528.548,3415.243,1286.254,5594.795,5174.945,3619.363,10400.108
"Spain","2020-04",5167.475,3175.978,1349.962,3691.047,4085.605,3640.28,8267.652
"Spain","2020-05",5647.503,3102.411,2178.124,3960.783,3078.978,4085.351,9420.403
"Spain","2020-06",7390.247,2413.874,2496.764,3341.006,3621.381,5700.824,8521.09
"Spain","2020-07",9824.998,2005.163,2690.38,4248.375,5159.019,8156.337,9168.862
"Spain","2020-08",9118.295,2041.008,2551.717,3676.613,5151.912,7283.909,8556.044
"Spain","2020-09",8736.183,1863.579,1904.829,3955.31,4871.209,6842.59,8004.958
"Spain","2020-10",6852.886,2120.577,1643.742,5768.051,4528.344,5051.039,9788.987
"Spain","2020-11",7459.42,2617.573,913.78,4208.617,4639.756,5557.657,8008.719
"Spain","2020-12",6656.585,3500.205,810.701,7425.418,5270.811,4786.65,11915.539
"Spain","2021-01",6673.988,4376.827,949.178,7101.745,5199.741,4612.988,12557.434
"Spain","2021-02",4450.939,4917.982,1111.13,6294.847,4358.515,2930.363,12356.861
"Spain","2021-03",5564.226,4045.717,2041.838,5607.722,4833.136,3894.281,11796.426
"Spain","2021-04",6772.002,2897.228,1929.096,4095.131,4197.333,5046.254,9234.354
"Spain","2021-05",5873.391,2397.158,3030.539,4785.226,4373.251,4190.931,10424.741
"Spain","2021-06",7220.814,2286.912,2977.426,3683.048,3684.384,5343.758,9279.166
"Spain","2021-07",7259.885,2324.427,3442.733,4282.011,5119.329,5453.341,10367.922
"Spain","2021-08",7578.826,2040.503,3039.017,3744.499,5150.264,5654.188,9156.945
"Spain","2021-09",8663.235,1511.435,2353.312,3230.596,4890.507,6605.979,7440.847
"Spain","2021-10",8155.86,1253.802,2092.302,4352.432,4748.395,6046.131,7967.559
"Spain","2021-11",10109.931,1396.138,1500.34,6410.484,3562.358,7959.68,9618.52
"Spain","2021-12",8793.482,2789.474,1120.532,6906.33,3922.864,6798.073,11064.019
"Spain","2022-01",9822.047,2286.54,1718.258,5413.197,5048.327,7503.589,9739.483
"Spain","2022-02",8259.031,1454.17,1889.747,4707.844,4771.059,6279.707,8296.553
"Spain","2022-03",7835.933,2037.279,1557.965,6525.47,4766.792,5571.244,10399.084
"Spain","2022-04",6565.54,2116.656,2983.283,5656.679,4413.724,4419.446,11003.66
"Spain","2022-05",7135.15,2218.969,4031.6,4687.725,4066.355,5125.574,11151.011
"Spain","2022-06",9760.149,1462.753,3737.101,3789.812,4459.459,7515.07,9257.974
"Spain","2022-07",11457.771,1260.15,4012.948,4563.438,5073.154,9112.793,10144.317
"Spain","2022-08",10726.187,1311.609,3842.14,4238.868,5122.042,8512.476,9542.343
"Spain","2022-09",10033.844,1457.57,3120.21,4194.768,4847.535,8089.82,8897.103
"Spain","2022-10",9543.934,1104.039,2171.561,5100.594,4021.441,7753.273,8469.315
"Spain","2022-11",7344.488,1671.256,1636.057,6671.287,4231.577,5674.939,10124.811
"Spain","2022-12",7059.812,3230.351,1175.736,5570.466,5161.212,5009.282,10005.265
"Spain","2023-01",5057.584,4395.233,1804.368,7455.432,5086.764,3518.771,13609.805
"Spain","2023-02",7400.814,2713.008,2206.969,4669.97,4597.96,5610.424,9803.502
"Spain","2023-03",6069.388,2581.035,3524.51,6692.437,5102.29,4357.902,12803.004
"Spain","2023-04",5447.942,2143.074,4380.793,4900,4567.253,4014.723,11330.307
"Spain","2023-05",6052.846,1873.023,4353.666,5456.474,3741.768,4576.193,11707.501
"Spain","2023-06",7559.145,2203.384,4385.653,3081.615,4008.721,5839.544,9817.943
"Spain","2023-07",7724.516,1600.304,5298.704,3835.871,5123.137,6036.418,10877.022
"Spain","2023-08",7679.678,1380.176,5166.85,4263.463,5008.275,5855.569,10893.399
"Spain","2023-09",7568.942,1282.499,3762.299,3597.45,4546.819,5827.674,8759.215
"Spain","2023-10",6587.605,1931.91,2855.308,5764.473,3741.734,4822.943,10548.77
"Spain","2023-11",4816.041,3900.725,2105.978,6995.902,3761.317,3432.769,12961.142
"Spain","2023-12",5382.847,4419.516,1957.982,5812.319,4990.079,3915.184,12184.597
"Spain","2024-01",6150.622,4348.428,2002.403,5691.156,5160.801,4531.026,12054.513
"Spain","2024-02",4387.48,3523.622,2779.356,6954.622,4509.594,3030.703,13215.575
"Spain","2024-03",4350.497,5243.45,3217.632,6145.372,3470.8,2926.444,14566.048
"Spain","2024-04",3893.306,4506.276,4462.864,4705.87,3501.948,2517.574,13629.041
"Spain","2024-05",4288.998,3555.204,5714.178,4272.768,3508.442,2890.558,13435.238
"Spain","2024-06",4581.859,2892.132,5264.615,4440.315,4324.514,3101.38,12602.584
"Spain","2024-07",5871.355,2578.942,6492.036,4230.243,5046.927,4265.488,13371.103
"Spain","2024-08",6051.256,2195.524,6048.162,3960.528,5095.174,4453.367,12265.997
"Spain","2024-09",5291.881,2034.514,4651.927,4646.475,4986.032,3711.608,11411.51
"Spain","2024-10",5222.816,3236.432,2948.331,5697.333,4636.146,3597.753,11975.348
"Spain","2024-11",6803.452,2993.578,2418.944,4846.653,3631.572,5119.609,10416.911
"Spain","2024-12",7857.032,2824.486,2588.827,5297.289,4248.089,6152.935,10888.893
"Spain","2025-01",6016.673,3544.996,2401.755,7590.254,5226.016,4368.038,13635.131
"Spain","2025-02",5586.832,4502.964,3374.16,3748.316,4737.451,4027.915,11734.924
"Spain","2025-03",4692.041,4569.001,3287.769,6739.546,4877.992,3235.912,14682.226
"Spain","2025-04",4594.097,4516.826,4382.372,4358.905,2951.069,3274.287,13261.111
"Spain","2025-05",5301.656,4211.62,5369.189,3476.423,3062.48,3981.765,12997.778
"Spain","2025-06",6841.938,2882.953,6515.533,3220.878,4096.38,5487.316,12610.406
"Spain","2025-07",6670.814,2431.39,6933.59,4583.042,5059.023,5085.533,13965.281
"Spain","2025-08",6524.394,2358.901,6292.866,3748.703,5094.84,4947.981,12367.748
"Finland","2019-01",3465,966,1,466,2071,761,2795
"Finland","2019-02",2763,820,2,654,1879,602,2618
"Finland","2019-03",2722,975,8,706,2072,475,2907
"Finland","2019-04",2004,1107,20,486,1983,246,2652
"Finland","2019-05",1617,1568,24,468,1505,140,2963
"Finland","2019-06",1170,1264,32,436,1772,72,2487
"Finland","2019-07",1300,978,38,305,2047,118,2148
"Finland","2019-08",1250,669,29,449,1861,110,1957
"Finland","2019-09",1529,820,16,429,1567,234,2019
"Finland","2019-10",2160,828,6,475,2072,342,2312
"Finland","2019-11",2339,1058,2,406,2013,375,2513
"Finland","2019-12",2360,1231,1,705,2083,415,3023
"Finland","2020-01",2231,1289.475,1.512,981,2083.557,443,3266.987
"Finland","2020-02",1933,1408.479,5.971,780,1948.033,355,2974.45
"Finland","2020-03",2106,1555.813,16.348,853,2031.198,346,3435.161
"Finland","2020-04",1747,1322.881,28.75,611,1926.773,222,2863.631
"Finland","2020-05",1477,1564.914,49.634,374,1615.169,297,2782.548
"Finland","2020-06",1135,1131.648,66.458,366,1796.137,257,2190.106
"Finland","2020-07",949,1132.626,53.263,395,2029.226,161,2174.889
"Finland","2020-08",1188,1046.489,48.484,379,1658.636,242,2183.973
"Finland","2020-09",1338,952.706,25.167,674,1621.459,409,2314.873
"Finland","2020-10",1660,1232.875,9.898,635,1792.196,442,2608.773
"Finland","2020-11",1725,1541,3,929,2001,316,3327
"Finland","2020-12",2310,1440,1,735,1864,506,3253
"Finland","2021-01",2851,1433.328,1.401,508,2081.685,796,3145.729
"Finland","2021-02",2703,1326.408,6.555,601,1879.944,711,3076.963
"Finland","2021-03",2350,1354.207,17.954,951,2081.614,559,3390.161
"Finland","2021-04",1777,1400.112,36.612,642,1860.01,368,2997.724
"Finland","2021-05",1382,1612,75,516,1499.241,138,3053
"Finland","2021-06",930,1315,75.454,405,1564.645,80,2413.454
"Finland","2021-07",951.141,938.973,55.594,425,2024.675,82.349,2125.99
"Finland","2021-08",1067,992,49.521,560,1918.665,82,2297.521
"Finland","2021-09",1507,1063,28,599,1567,116,2515
"Finland","2021-10",1588,1302,10,1031,2073,91,3281
"Finland","2021-11",1949,1463,3,789,2013,119,3394
"Finland","2021-12",2924,1237,1,918,2080,429,3743
"Finland","2022-01",2132,1194,2,1294,2083,198,3637
"Finland","2022-02",1930,1116,6,1032,1881,165,3251
"Finland","2022-03",1903,1186,26,1177,2196,133,3506
"Finland","2022-04",1596,1236,42,684,2260,34,2945
"Finland","2022-05",1472,1640,63,879,1498,59,3492
"Finland","2022-06",1059,1267,75,654,1775,30,2774
"Finland","2022-07",983,1026,66,589,1869,36,2436
"Finland","2022-08",1114,1065,55,991,1815,29,2949
"Finland","2022-09",1329,849,29,830,2409,38,2614
"Finland","2022-10",1491,787,13,1456,2245,36,3207
"Finland","2022-11",2079,1036,3,634,2001,102,2848
"Finland","2022-12",2572,953,1,1342,2188,196,3686
"Finland","2023-01",2018,1104,3,1927,2319,74,4313
"Finland","2023-02",1832,1160,11,1412,1879,134,3672
"Finland","2023-03",1926,1243,34,1398,2701,100,3855
"Finland","2023-04",1331,1104,77,963,2865,61,3092
"Finland","2023-05",828,1504,104,1267,2658,19,3499
"Finland","2023-06",577,1053,130,765,2956,10,2411
"Finland","2023-07",637,846,112,591,3145,14,2069
"Finland","2023-08",861,1333,82,868,2643,21,2914
"Finland","2023-09",653,1354,57,1448,2396,13,3388
"Finland","2023-10",1000,1607,28,1246,3016,10,3646
"Finland","2023-11",1609,1389,6,1326,2956,72,3807
"Finland","2023-12",1904,1322,2,1250,3203,130,3827
"Finland","2024-01",1976,1273,6,2115,3235,180,4652
"Finland","2024-02",1597,1130,20,1916,2976,94,4147
"Finland","2024-03",1555,1297,60,1266,2123,117,3626
"Finland","2024-04",1088,1316,109,1521,1958,48,3654
"Finland","2024-05",841,1570,211,1024,1931,11,3454
"Finland","2024-06",702,1387,219,814,2510,13,2989
"Finland","2024-07",697,1218,206,862,3057,2,2874
"Finland","2024-08",682,788,167,1375,2669,6,2891
"Finland","2024-09",704,997,100,1648,2209,18,3274
"Finland","2024-10",851,1077,44,2269,2724,38,4014
"Finland","2024-11",1177,1016,10,2316,2743,64,4147
"Finland","2024-12",1396,1078,3,2730,2998,62,4815
"Finland","2025-01",1601,1227,6,2189,3047,110,4548
"Finland","2025-02",1432,1000,23,2038,2762,94,4076
"Finland","2025-03",1422,1044,80,2286,1961,110,4415
"Finland","2025-04",1092,1145,134,1664,1637,60,3776
"Finland","2025-05",800,1168,195,1502,2379,12,3523
"Finland","2025-06",606,1151,198,1166,2326,8,2992
"Finland","2025-07",628,915,232,874,3005,5,2515
"Finland","2025-08",639,696,175,1238,2816,22,2607
"France","2019-01",7938.477,5077.729,423.906,2961.959,40157.967,6495.193,8581.644
"France","2019-02",6279.041,5149.084,740.267,2618.196,36089.935,5137.21,8626.357
"France","2019-03",4904.537,5261.303,1012.242,4497.511,35497.692,3976.286,11047.116
"France","2019-04",3314.803,4603.341,984.618,2347.514,31756.651,2594.617,8018.45
"France","2019-05",3153.759,5655.337,1207.08,2256.921,31668.783,2460.027,9181.241
"France","2019-06",2886.909,5865.955,1289.797,1892.963,28560.686,2206.699,9077.349
"France","2019-07",4032.78,4489.157,1336.221,1743.802,29195.023,3275.066,7633.628
"France","2019-08",3376.136,3839.025,1332.485,1653.388,27721.146,2568.223,7016.586
"France","2019-09",3994.54,2669.749,1144.59,2693.03,27533.449,3296.669,6629.989
"France","2019-10",4344.965,3894.226,752.317,3425.936,29162.929,3663.611,8140.365
"France","2019-11",7119.976,6582.819,388.059,3403.557,29133.652,5672.192,10392.469
"France","2019-12",5818.117,7955.814,432.809,4685.221,32985.835,4572.344,13100.418
"France","2020-01",6988.116,6422.152,524.905,4176.266,37352.414,6023.823,11169.527
"France","2020-02",5277.507,6393.602,781.089,5908.036,33178.555,4377.216,13161.771
"France","2020-03",5172.263,7452.653,1098.528,4500.314,30624.87,4319.434,13152.907
"France","2020-04",1742.85,5194.953,1348.232,2283.814,26823.538,908.555,9049.696
"France","2020-05",2387.039,6781.202,1632.945,2663.418,24714.653,1638.266,11094.28
"France","2020-06",3608.99,6457.758,1557.021,2052.035,21334.969,2962.126,10049.917
"France","2020-07",3890.388,4698.441,1744.124,2106.276,22499.437,3023.424,8596.54
"France","2020-08",3723.701,3772.321,1555.614,2048.968,22876.543,3029.803,7438.057
"France","2020-09",4022.264,3453.656,1271.457,2148.635,21739.674,3029.9,6932.127
"France","2020-10",3578.313,5241.381,807.473,4322.174,28271.643,2822.749,10384.711
"France","2020-11",5874.925,4595.901,697.5,3156.791,31565.645,5010.543,8530.605
"France","2020-12",6341.309,5804.669,370.651,4385.699,34432.46,5054.501,10626.563
"France","2021-01",7222.222,7393.212,475.012,3956.264,37176.882,5103.153,11880.132
"France","2021-02",5520.875,6974.434,671.903,4244.601,30337.834,4188.099,11983.431
"France","2021-03",5695.915,6019.662,1297.335,3708.309,31695.35,4438.706,11186.99
"France","2021-04",4168.392,4107.976,1582.687,2946.364,27209.135,3239.791,8714.929
"France","2021-05",2424.148,6343.224,1618.195,3956.147,27574.674,1622.819,12032.695
"France","2021-06",2668.351,6290.204,1677.541,1350.616,27716.162,1928.94,9361.26
"France","2021-07",2807.176,5698.231,1717.497,2305.496,28449.338,1945.194,9881.702
"France","2021-08",2118.55,4470.908,1746.172,2222.595,29010.95,1144.138,8676.889
"France","2021-09",3313.451,3490.286,1457.628,1660.87,29001.324,1878.358,6755.979
"France","2021-10",3745.094,3104.207,1242.345,3486.093,30658.264,2131.77,7990.367
"France","2021-11",7251.029,4078.823,698.335,2711.001,30370.793,5493.048,7648.158
"France","2021-12",7076.922,5377.399,582.083,4322.984,31503.128,5443.883,10394.321
"France","2022-01",7833.989,5992.777,780.495,3135.466,35220.278,5707.725,10025.169
"France","2022-02",6007.626,4460.202,1028.199,5251.564,29577.728,4184.642,10963.966
"France","2022-03",6881.005,4660.399,1384.847,3450.034,26851.912,5342.341,9668.825
"France","2022-04",4691.664,5155.933,1799.432,3552.386,21766.342,3808.872,10620.054
"France","2022-05",4259.236,5079.882,2261.626,2063.484,20531.226,3374.069,9604.034
"France","2022-06",3724.787,4099.974,2232.311,1836.038,20174.82,2864.92,8330.736
"France","2022-07",4374.47,3541.261,2592.321,1870.877,18780.955,3508.439,8157.671
"France","2022-08",4107.527,2749.279,2299.964,2069.736,18133.047,3341.014,7277.126
"France","2022-09",4457.34,2505.552,1830.863,2292.277,18190.496,3616.043,6864.292
"France","2022-10",4938.788,3095.426,1313.693,3424.071,20224.827,4202.738,7941.251
"France","2022-11",6070.723,3888.872,843.64,4622.103,21597.264,4933.381,9526.513
"France","2022-12",7234.652,5153.845,599.258,4351.56,27912.397,5115.843,10316.383
"France","2023-01",6050.227,6444.352,654.092,5967.059,30771,4699.586,13243.353
"France","2023-02",6623.599,3662.049,1268.797,3352.685,28787,5391.986,8476.469
"France","2023-03",5301.611,4702.683,1670.89,5879.76,25637,4091.543,12491.547
"France","2023-04",3183.211,4660.961,2175.388,3793.059,24991,2379.323,10773.771
"France","2023-05",2551.025,5471.596,2544.795,3665.227,25178,1682.988,11846.486
"France","2023-06",3006.698,5849.197,2706.016,2087.773,22725,2211.573,10727.838
"France","2023-07",3116.798,4065.676,2724.457,3233.303,24065,2313.606,10179.06
"France","2023-08",2940.282,3657.816,2594.928,2751.601,23946,2068.835,9169.049
"France","2023-09",2563.039,3258.005,2291.456,2377.634,26942,1755.494,8092.233
"France","2023-10",2501.485,3659.84,1646.198,4488.5,28251,1723.884,9926.633
"France","2023-11",4358.799,6742.446,930.494,6421.963,27580,3447.961,14173.878
"France","2023-12",4809.973,7479.236,744.483,6686.905,31539,3848.909,15034.014
"France","2024-01",5224.982,7889.249,842.332,5456.405,35926.897,4268.872,14160.338
"France","2024-02",3878.983,6428.501,1070.981,5824.932,30733.478,2830.843,13360.601
"France","2024-03",3802.245,7597.214,1893.464,4569.76,29894.502,2888.348,14111.11
"France","2024-04",1693.831,6227.578,2322.557,4639.466,26670.104,900.102,13254.066
"France","2024-05",1499.425,7823.662,2579.155,2585.964,27846.071,616.111,13121.084
"France","2024-06",1530.885,6748.369,2781.489,2388.15,26367.284,603.389,12037.764
"France","2024-07",1785.117,6017.742,3138.084,2145.984,28582.331,915.276,11412.196
"France","2024-08",1790.985,4344.115,3134.934,2155.902,28599.474,1007.781,9760.218
"France","2024-09",1863.052,4092.257,2253.835,4133.248,27448.497,957.739,10562.737
"France","2024-10",1779.024,6591.309,1610.605,3374.086,29963.807,926.986,11584.993
"France","2024-11",4216.481,5340.934,1154.111,4135.618,33031.752,3164.388,10671.85
"France","2024-12",4131.228,6829.694,869.829,5469.774,36654.287,3056.372,13208.384
"France","2025-01",4739.35,7351.948,1002.385,5762.473,38768.351,3440.892,14243.608
"France","2025-02",4438.2,6576.772,1524.829,3687.159,32005.366,3350.775,11966.707
"France","2025-03",3679.899,5539.52,2530.862,4159.321,32273.66,2509.034,12636.764
"France","2025-04",1753.069,5158.28,2982.633,3680.468,27070.8,693.303,12124.271
"France","2025-05",1571.97,5628.952,3592.077,3468.498,25512.706,453.488,13095.94
"France","2025-06",1752.664,5288.416,3903.692,2471.207,26209.817,811.332,11892.76
"France","2025-07",2053.75,3821.976,4164.046,2900.869,29533.908,1208.684,11084.18
"France","2025-08",2011.555,3453.317,3803.194,2627.214,28619.545,1170.264,10084.999
"Netherlands","2019-01",9901.74,10.434,80.359,1269.339,360.784,6489.219,1753.708
"Netherlands","2019-02",8789.891,8.055,194.485,953.473,247.09,5878.907,1499.239
"Netherlands","2019-03",8360.711,8.892,307.928,1440.035,359.383,5733.352,2178.701
"Netherlands","2019-04",6881.737,8.459,615.966,812.979,347.101,4703.507,1795.702
"Netherlands","2019-05",7584.252,8.446,726.523,688.285,329.488,5636.262,1791.473
"Netherlands","2019-06",6528.775,6.403,848.924,583.145,31.514,4907.664,1804.407
"Netherlands","2019-07",7412.606,0.976,812.16,548.58,308.644,5616.206,1748.459
"Netherlands","2019-08",7048.567,1.025,740.479,760.611,317.578,5745.342,1919.29
"Netherlands","2019-09",7188.529,0.506,486.096,924.571,336.721,6154.767,1659.876
"Netherlands","2019-10",8822.724,4.763,266.988,1111.362,354.233,6529.843,1762.134
"Netherlands","2019-11",9409.971,8.043,147.175,937.094,347.521,6224.601,1758.766
"Netherlands","2019-12",8530.582,8.18,108.962,1478.453,360.242,5552.596,2305.992
"Netherlands","2020-01",9235.648,10.648,112.728,1523.171,360.683,7505.189,2159.622
"Netherlands","2020-02",7581.515,2.405,213.095,1892.691,329.871,5882.276,2696.791
"Netherlands","2020-03",7222.311,5.751,647.921,1445.485,359.589,5345.94,2804.287
"Netherlands","2020-04",5814.202,6.62,1105.978,824.403,347.05,4547.887,2489.222
"Netherlands","2020-05",6795.698,3.7,1414.091,789.007,311.15,5402.22,2868.861
"Netherlands","2020-06",6820.224,2.405,1277.811,763.163,156.318,5683.439,2559.52
"Netherlands","2020-07",8203.387,1.152,1228.062,839.605,303.985,6723.126,2764.95
"Netherlands","2020-08",8449.713,0.077,1176.296,869.716,346.303,6923.333,2726.5
"Netherlands","2020-09",7771.542,0.666,835.708,973.283,337.204,5732.896,2474.225
"Netherlands","2020-10",7565.623,2.648,370.175,1949.139,354.238,5481.552,3066.591
"Netherlands","2020-11",7948.183,2.757,251.861,1650.161,301.352,5916.833,2651.863
"Netherlands","2020-12",8272.84,7.237,131.007,1819.306,357.369,6120.87,2787.633
"Netherlands","2021-01",8861.769,7.39,204.954,1821.881,357.827,6086.971,2973.637
"Netherlands","2021-02",7910.355,4.237,466.075,1861.53,321.089,5860.451,3144.677
"Netherlands","2021-03",8382.158,11.735,838.057,1645.837,359.731,6070.745,3367.319
"Netherlands","2021-04",6386.852,8.157,1367.422,1373.735,332.665,4531.602,3546.157
"Netherlands","2021-05",5904.015,9.451,1538.464,1308.518,209.691,4237.791,3566.662
"Netherlands","2021-06",6070.721,8.983,1853.727,659.41,0,4780.527,2956.742
"Netherlands","2021-07",6585.851,8.008,1630.42,1040.188,328.66,4017.375,3509.018
"Netherlands","2021-08",5318.94,10.202,1392.769,1403.534,350.425,2517.2,3794.478
"Netherlands","2021-09",6291.264,3.405,1114.44,923.983,339.127,3796.293,2846.282
"Netherlands","2021-10",6224.32,3.3,621.972,2195.92,314.272,3176.824,3628.469
"Netherlands","2021-11",8170.765,3.43,290.551,1588.91,346.2,5225.224,2757.014
"Netherlands","2021-12",8286.322,5.043,180.316,2105.682,358.345,5007.481,3113.866
"Netherlands","2022-01",7851.956,9.476,274.02,2285.233,360.879,5059.659,3428.125
"Netherlands","2022-02",5338.61,9.76,568.189,3122.039,325.838,3478.154,4379.15
"Netherlands","2022-03",7289.881,10.738,1498.196,1405.635,351.382,4591.218,3795.69
"Netherlands","2022-04",5265.834,9.614,1869.168,1905.293,102.821,3429.68,4252.638
"Netherlands","2022-05",5092.713,2.855,2431.287,1287.025,356.24,3739.005,4216.693
"Netherlands","2022-06",6335.841,2.234,2652.535,1036.249,340.607,3895.429,4528.848
"Netherlands","2022-07",6097.311,0.553,2621.544,1014.24,347.457,3375.253,4500.395
"Netherlands","2022-08",6449.087,0.071,2450.087,874.772,344.779,3732.009,4136.423
"Netherlands","2022-09",6135.452,0.771,1531.833,1330.038,338.106,3227.824,3578.448
"Netherlands","2022-10",6014.507,0.633,975.461,2020.591,354.712,4043.348,3468.383
"Netherlands","2022-11",5406.717,1.148,489.758,2643.064,346.468,3209.419,3871.881
"Netherlands","2022-12",7799.2,2.144,293.509,2227.929,360.705,5095.078,3264.276
"Netherlands","2023-01",6198.601,11.713,329.461,3152.247,361.375,3783.233,4218.272
"Netherlands","2023-02",6591.876,9.916,685.201,2055.412,326.129,4143.002,3473.356
"Netherlands","2023-03",6189.752,12.297,1234.3,2765.013,345.891,4019.762,4614.532
"Netherlands","2023-04",5422.376,10.645,2102.357,1934.362,0,3370.094,4756.301
"Netherlands","2023-05",4669.075,10.086,3032.041,1562.228,347.489,3340.744,5190.323
"Netherlands","2023-06",4650.448,1.954,3560.461,1535.956,341.365,4020.628,5344.753
"Netherlands","2023-07",4280.826,1.624,2792.241,2364.392,349.957,3437.57,5497.254
"Netherlands","2023-08",5507.768,3.792,2470.77,1567.195,350.425,4340.013,4547.504
"Netherlands","2023-09",5480.153,0.854,2044.528,1468.13,337.755,4150.757,4104.676
"Netherlands","2023-10",4928.001,1.217,1009.174,3111.349,355.432,3150.474,4692.151
"Netherlands","2023-11",5060.63,2.705,477.133,3584.089,347.884,3193.689,4655.566
"Netherlands","2023-12",5726.559,1.224,254.948,4064.125,303.384,3924.169,4906.319
"Netherlands","2024-01",6740.418,6.552,469.612,3851.252,361.609,4915.57,4910.841
"Netherlands","2024-02",5361.748,5.093,597.87,3791.03,338.075,3570.579,5059.54
"Netherlands","2024-03",5703.455,11.155,1507.337,2893.417,360.533,3838.323,5157.272
"Netherlands","2024-04",3922.512,8.735,2315.128,3439.818,53.9,2900.468,6131.55
"Netherlands","2024-05",4140.577,9.57,3105.301,1658.712,0,3003.288,5200.689
"Netherlands","2024-06",3704.627,8.702,3271.707,1757.45,167.349,2934.21,5307.274
"Netherlands","2024-07",3815.451,11.82,3278.166,1898.127,350.751,2963.543,5504.235
"Netherlands","2024-08",4307.648,2.927,3063.274,1857.624,347.862,3082.519,5309.368
"Netherlands","2024-09",4352.812,2.312,2052.396,2417.064,338.547,3062.543,4806.937
"Netherlands","2024-10",5523.609,6.83,1220.212,2375.458,355.345,3455.863,4213.687
"Netherlands","2024-11",7705.194,3.654,503.162,2690.014,347.285,5177.591,4042.026
"Netherlands","2024-12",6486.325,8.041,260.973,4069.617,361.152,4030.428,5152.947
"Netherlands","2025-01",8101.862,8.121,403.838,2942.373,361.88,5331.176,4180.986
"Netherlands","2025-02",7636.292,14.528,941.245,2677.973,326.494,4874.882,4387.787
"Netherlands","2025-03",6716.318,10.853,2258.874,1855.017,360.538,4013.52,4908.791
"Netherlands","2025-04",5133.432,4.096,2838.859,1670.605,52.707,3358.068,4903.758
"Netherlands","2025-05",3590.43,2.208,3436.75,2610.633,260.718,2780.297,6369.84
"Netherlands","2025-06",3219.4,2.906,3410.627,2296.778,340.413,2430.665,5965.184
"Netherlands","2025-07",5102.202,1.662,3293.035,1601.053,347.408,3651.738,5372.009
"Netherlands","2025-08",5419.854,0.83,3098.942,1812.297,346.694,3756.482,5345.387
"Poland","2019-01",12737.226,254.346,6.471,1541.634,0,1201.001,2297.812
"Poland","2019-02",10541.523,258.045,23.593,1514.338,0,1067.131,2227.507
"Poland","2019-03",10703.831,335.291,40.783,1775.231,0,1227.542,2621.219
"Poland","2019-04",10278.039,247.979,73.198,1230.862,0,1338.77,2000.614
"Poland","2019-05",10642.723,310.392,67.757,1002.763,0,1142.303,1801.706
"Poland","2019-06",10551.272,242.633,124.437,743.886,0,976.285,1557.16
"Poland","2019-07",10790.123,134.909,94.358,893.691,0,1158.824,1642.239
"Poland","2019-08",11119.485,138.61,100.849,588.167,0,1271.458,1333.095
"Poland","2019-09",10258.207,140.954,77.399,1176.146,0,924.877,1868.449
"Poland","2019-10",11173.636,158.382,62.217,1149.931,0,1209.739,1902.13
"Poland","2019-11",10747.43,186.937,25.791,1326.235,0,1317.927,2041.695
"Poland","2019-12",11100.634,219.805,25.834,1760.09,0,1624.489,2558.392
"Poland","2020-01",11313.158,236.432,25.285,1863.674,0,1341.414,2685.377
"Poland","2020-02",10031.856,304.126,46.585,2139.094,0,1237.98,2988.29
"Poland","2020-03",10380.457,290.157,181.627,1473.405,0,1353.571,2531.034
"Poland","2020-04",8860.42,183.531,253.654,1218.739,0,1264.294,2143.399
"Poland","2020-05",9050.383,201.119,208.766,1118.02,0,1234.188,2049.785
"Poland","2020-06",9198.001,281.434,228.158,733.992,0,1037.045,1729.145
"Poland","2020-07",9892.962,242.717,280.972,858.783,0,1325.27,1832.343
"Poland","2020-08",10232.19,166.823,277.56,682.638,0,1170.707,1655.402
"Poland","2020-09",10238.176,175.218,236.851,907.871,0,1232.744,1826.066
"Poland","2020-10",10883.137,286.992,115.253,1304.337,0,1358.012,2257.303
"Poland","2020-11",11109.059,267.338,62.008,1260.882,0,1565.729,2143.031
"Poland","2020-12",11547.792,266.418,48.1,1692.407,0,1653.226,2529.622
"Poland","2021-01",12753.855,287.507,31.785,1253.16,0,1560.463,2063.334
"Poland","2021-02",11138.538,273.249,112.28,1289.368,0,1218.962,2103.579
"Poland","2021-03",11288.854,329.292,243.922,1417.7,0,1176.306,2483.441
"Poland","2021-04",10554.566,317.46,355.773,1390.181,0,1114.23,2589.056
"Poland","2021-05",10115.27,340.024,468.194,1404.014,0,1179.843,2684.094
"Poland","2021-06",10974.747,190.169,633.323,662.819,0,1256.825,1961.681
"Poland","2021-07",11909.12,196.427,554.189,709.222,0,1258.564,1921.427
"Poland","2021-08",11463.469,228.85,459.867,1054.057,0,1188.669,2253.235
"Poland","2021-09",12172.7,268.754,435.331,1053.893,0,1132.046,2280.493
"Poland","2021-10",11879.651,224.311,363.448,2181.775,0,1330.127,3334.172
"Poland","2021-11",12574.585,189.615,127.92,1719.481,0,1439.005,2567.526
"Poland","2021-12",13516.761,222.669,58.48,1861.418,0,1321.282,2652.285
"Poland","2022-01",12100.787,309.981,95.411,2574.896,0,1313.341,3515.436
"Poland","2022-02",10266.468,345.299,240.63,2686.254,0,1068.909,3720.632
"Poland","2022-03",12626.666,276.437,744.281,1219.405,0,1018.365,2737.197
"Poland","2022-04",10850.055,328.748,701.463,1706.811,0,827.53,3199.132
"Poland","2022-05",10452.24,246.016,1046.839,1383.618,0,967.261,3189.575
"Poland","2022-06",10323.083,207.611,1190.56,918.195,0,940.172,2808.303
"Poland","2022-07",10171.69,176.175,1142,1258.92,0,722.858,3036.777
"Poland","2022-08",10877.178,194.818,1093.148,750.843,0,628.872,2378.807
"Poland","2022-09",10445.268,212.869,748.32,1115.399,0,595.985,2407.407
"Poland","2022-10",10660.43,236.308,605.678,1691.051,0,882.762,2965.815
"Poland","2022-11",12105.454,203.955,249.017,1257.036,0,1113.026,2196.692
"Poland","2022-12",12440.682,250.192,189.937,1970.138,0,1149.411,2923.158
"Poland","2023-01",11268.272,327.686,118.565,2466.095,0,1512.202,3441.201
"Poland","2023-02",10094.104,357.593,312.49,2259.382,0,1337.375,3420.732
"Poland","2023-03",10194.093,404.302,705.666,2276.633,0,1661.159,3917.466
"Poland","2023-04",8972.322,374.88,999.587,1470.003,0,1403.349,3360.967
"Poland","2023-05",8314.646,329.252,1609.857,1486.763,0,1056.367,3771.018
"Poland","2023-06",8129.312,245.924,1672.251,945.937,0,1139.237,3311.501
"Poland","2023-07",8324.36,228.855,1750.863,1237.323,0,1172.669,3675.122
"Poland","2023-08",8927.921,276.894,1419.501,1346.844,0,1213.612,3507.309
"Poland","2023-09",8999.026,222.396,1515.716,1239.832,0,778.069,3434.097
"Poland","2023-10",9941.541,231.78,740.815,2512.048,0,1375.891,3993.747
"Poland","2023-11",10886.136,289.939,316.506,2254.225,0,1759.832,3394.366
"Poland","2023-12",10945.825,377.396,138.491,3113.682,0,1837.156,4139.495
"Poland","2024-01",10918.867,432.125,213.173,3038.467,0,1961.114,4184.177
"Poland","2024-02",9309.974,423.044,404.194,2649.873,0,1734.646,3928.655
"Poland","2024-03",9619.754,396.098,1118.415,2245.528,0,1650.865,4224.22
"Poland","2024-04",8360.927,348.356,1439.896,2010.252,0,1307.339,4168.969
"Poland","2024-05",7809.25,254.775,2317.154,1462.815,0,879.334,4466.874
"Poland","2024-06",8130.987,201.389,2027.857,1091.258,0,846.59,3784.327
"Poland","2024-07",8444.056,177.531,2192.297,1157.698,0,1142.948,3991.585
"Poland","2024-08",9000.809,169.503,2130.739,1235.156,0,1623.457,4041.244
"Poland","2024-09",8655.741,155.184,1624.847,2198.046,0,1669.283,4511.308
"Poland","2024-10",9836.028,182.916,1038.115,2114.905,0,1879.512,3909.815
"Poland","2024-11",11136.064,164.243,357.782,2354.896,0,2226.456,3473.336
"Poland","2024-12",11631.39,200.062,235.275,2619.732,0,2120.729,3716.209
"Poland","2025-01",11868.176,231.162,381.923,3122.667,0,2250.805,4332.931
"Poland","2025-02",11457.068,193.402,847.165,1433.159,0,2018.548,3037.011
"Poland","2025-03",10073.206,232.155,1751.665,1958.132,0,2039.505,4506.823
"Poland","2025-04",8525.728,230.543,2483.553,1701.674,0,1882.014,5008.192
"Poland","2025-05",7956.403,230.198,2591.845,1614.419,0,1614.592,5032.089
"Poland","2025-06",7069.499,209.344,2859.369,2243.421,0,1321.355,5863.851
"Poland","2025-07",8546.508,200.735,2630.197,1409.759,0,1726.835,4694.147
"Poland","2025-08",7861.585,199.785,2716.712,1332.993,0,1574.794,4790.182
"Sweden","2019-01",2081.904,6406.565,0,1840.125,6050.46,185.999,9765.599
"Sweden","2019-02",1692.325,5456.107,0,2085.558,5497.41,130.867,8822.8
"Sweden","2019-03",1758.663,5766.086,0,2375.331,5759.525,108.541,9501.944
"Sweden","2019-04",1404.817,5379.635,0,1325.816,5210.828,48.499,7876.436
"Sweden","2019-05",1031.361,5367.885,0,1408.648,4929.872,3.052,7690.201
"Sweden","2019-06",818.065,4889.143,0,1356.9,5771.389,3.853,6966.042
"Sweden","2019-07",881.829,4950.465,0,1055.425,5036.108,2.962,6729.623
"Sweden","2019-08",852.277,3827.201,0,1197.081,4930.087,3.793,5744.563
"Sweden","2019-09",884.453,4464.354,0,1656.902,4350.772,3.355,6881.869
"Sweden","2019-10",1168.415,5660.086,0,1637.777,5457.288,6.96,8304.975
"Sweden","2019-11",1453.56,6333.065,0,1484.445,5584.912,16.548,9094.918
"Sweden","2019-12",1559.32,6121.831,0,2478.308,5754.943,24.993,9965.087
"Sweden","2020-01",1483.62,5931.12,0,3513.817,5760.135,12.817,10737.365
"Sweden","2020-02",1272.568,6441.939,0,3051.182,4684.014,13.055,10605.406
"Sweden","2020-03",1240.254,6998.071,0,2975.291,5181.181,2.804,11060.275
"Sweden","2020-04",963.948,6218.218,0,2503.025,3952.561,0.362,9547.285
"Sweden","2020-05",931.266,6078.77,0,1668.486,3397.559,3.112,8538.053
"Sweden","2020-06",825.585,5341.204,0,1151.651,2890.384,0.207,7175.081
"Sweden","2020-07",798.198,4692.47,0,1770.419,3656.05,15.938,7107.571
"Sweden","2020-08",735.248,5865.633,0,1203.586,2563.189,16.603,7707.466
"Sweden","2020-09",880.431,4640.956,0,2368.672,3148.721,10.136,7756.762
"Sweden","2020-10",1027.283,5702.227,0,2227.361,3911.263,8.042,8782.456
"Sweden","2020-11",1110.676,6190.012,0,3119.813,3589.947,8.985,10261.922
"Sweden","2020-12",1382.948,7114.087,0,2035.777,4527.395,15.658,10332.79
"Sweden","2021-01",1820,8101,7,1628,5000,95,11214
"Sweden","2021-02",1540,6814,26,2414,4644,84,10514
"Sweden","2021-03",1540,6325,82,3015,5040,12,10767
"Sweden","2021-04",1279,5870,147,2701,4929,7,9830
"Sweden","2021-05",1041,6255,135,1491,3772,2,8758
"Sweden","2021-06",819,5380,181,1356,3326,2,7577
"Sweden","2021-07",822,5468,190,1555,3462,4,7893
"Sweden","2021-08",865,5493,157,1899,3217,6,8303
"Sweden","2021-09",1019,4980,108,2228,3721,8,8180
"Sweden","2021-10",1122,5377,58,3335,4369,13,9749
"Sweden","2021-11",1480,6283,24,2864,4949,23,10458
"Sweden","2021-12",1976,7263,8,2997,5015,115,11917
"Sweden","2022-01",1780,6175,28,4226,4963,30,12000
"Sweden","2022-02",1491,6010,56,3637,4349,12,11050
"Sweden","2022-03",1653,5979,196,3320,5124,8,10962
"Sweden","2022-04",1425,5705,223,2236,4490,4,9419
"Sweden","2022-05",1153,5178,261,2769,3761,4,9196
"Sweden","2022-06",920,5379,274,1856,3677,1,8269
"Sweden","2022-07",865,5650,285,2251,4096,2,8901
"Sweden","2022-08",906,5778,286,1938,4264,3,8754
"Sweden","2022-09",972,5723,200,2006,3385,4,8766
"Sweden","2022-10",1060,5199,114,3479,3922,11,9712
"Sweden","2022-11",1293,6310,32,2285,4039,18,9747
"Sweden","2022-12",1765,6501,8,3069,3993,86,11039
"Sweden","2023-01",1558,6068,30,3991,4311,36,11469
"Sweden","2023-02",1477,5737,101,4042,3868,42,11161
"Sweden","2023-03",1575,6530,162,3395,4030,38,11472
"Sweden","2023-04",1204,5455,365,2096,4171,3,8967
"Sweden","2023-05",973,4983,579,2620,3147,3,9019
"Sweden","2023-06",770,3922,557,1907,3461,3,7039
"Sweden","2023-07",797,3765,461,2155,3616,2,7051
"Sweden","2023-08",751,5445,302,1860,3362,3,8243
"Sweden","2023-09",694,4331,303,3075,2878,41,8271
"Sweden","2023-10",795,5901,173,3412,4027,11,10178
"Sweden","2023-11",1353,6805,51,2795,4765,9,10711
"Sweden","2023-12",1539,6795,14,2889,4953,17,10913
"Sweden","2024-01",1464.739,6559.226,41.026,4668.965,4609.199,93.34,12469.517
"Sweden","2024-02",1237.67,5993.299,86.276,3774.326,4652.226,10.75,10947.401
"Sweden","2024-03",1375.091,6545.354,245.165,2752.142,4818.787,4.03,10772.13
"Sweden","2024-04",1183.283,5439.739,372.281,2879.972,3797.037,37.62,9708.582
"Sweden","2024-05",827.836,5592.23,763.353,2227.768,3548.703,1.63,9282.79
"Sweden","2024-06",757.605,4274.031,647.25,2314.375,3470.796,6.58,7854.196
"Sweden","2024-07",770.72,4399.399,604.142,2121.026,3630.172,3.72,7763.496
"Sweden","2024-08",706.915,4186.523,560.078,3084.527,4319.65,3.76,8456.568
"Sweden","2024-09",576.771,4991.958,437.248,2794.336,3384.898,8.52,8714.122
"Sweden","2024-10",643.476,5233.457,237.884,3947.712,3992.001,11.33,9973.053
"Sweden","2024-11",1039.139,5563.335,116.929,4638.688,4103.823,20.95,11226.952
"Sweden","2024-12",1180.703,5526.308,34.969,5548.376,4330.463,19.99,12143.723
"Sweden","2025-01",1280.641,6846.441,44.078,4545.621,4332.446,15.67,12555.409
"Sweden","2025-02",1272.518,6389.211,172.008,3379.111,4576.631,22.44,11062.981
"Sweden","2025-03",1195.151,5713.009,477.933,4222.785,4673.76,3.69,11463.107
"Sweden","2025-04",969.308,5512.057,604.17,2927.144,3897.636,3.1,9871.721
"Sweden","2025-05",878.094,4300.698,601.548,3316.523,3328.044,3.38,8956.41
"Sweden","2025-06",690.957,4116.794,664.773,2608.595,3233.227,3.59,7959.082
"Sweden","2025-07",667.547,5972.675,645.65,1516.652,3284.916,3.2,8683.627
"Sweden","2025-08",686.385,5127.415,596.417,2649.751,2813.536,3.63,8970.542
