"Country","Year","pipeline_MCM","LNG_MCM","Total_MCM"
"Bulgaria","2019-01",1235,0,1235
"Bulgaria","2019-02",720,0,720
"Bulgaria","2019-03",732,0,732
"Bulgaria","2019-04",886,0,886
"Bulgaria","2019-05",722,0,722
"Bulgaria","2019-06",661,0,661
"Bulgaria","2019-07",748,0,748
"Bulgaria","2019-08",743,0,743
"Bulgaria","2019-09",540,0,540
"Bulgaria","2019-10",769,0,769
"Bulgaria","2019-11",716,0,716
"Bulgaria","2019-12",766,0,766
"Bulgaria","2020-01",493.882,0,493.882
"Bulgaria","2020-02",380.805,0,380.805
"Bulgaria","2020-03",420.86,0,420.86
"Bulgaria","2020-04",371.364,0,371.364
"Bulgaria","2020-05",424.218,0,424.218
"Bulgaria","2020-06",361.815,0,361.815
"Bulgaria","2020-07",511.541,0,511.541
"Bulgaria","2020-08",514.6,0,514.6
"Bulgaria","2020-09",516.56,0,516.56
"Bulgaria","2020-10",421.15,0,421.15
"Bulgaria","2020-11",624.31,0,624.31
"Bulgaria","2020-12",661.741,0,661.741
"Bulgaria","2021-01",876.087,0,876.087
"Bulgaria","2021-02",829.784,0,829.784
"Bulgaria","2021-03",1029.156,0,1029.156
"Bulgaria","2021-04",942.589,0,942.589
"Bulgaria","2021-05",918.118,0,918.118
"Bulgaria","2021-06",761.452,0,761.452
"Bulgaria","2021-07",1120.883,0,1120.883
"Bulgaria","2021-08",1105.304,0,1105.304
"Bulgaria","2021-09",867.516,0,867.516
"Bulgaria","2021-10",1168.854,0,1168.854
"Bulgaria","2021-11",983.401,0,983.401
"Bulgaria","2021-12",1301.914,0,1301.914
"Bulgaria","2022-01",1023.635,0,1023.635
"Bulgaria","2022-02",1082.431,0,1082.431
"Bulgaria","2022-03",1193.713,0,1193.713
"Bulgaria","2022-04",853.722,0,853.722
"Bulgaria","2022-05",818.662,0,818.662
"Bulgaria","2022-06",559.013,0,559.013
"Bulgaria","2022-07",972.081,0,972.081
"Bulgaria","2022-08",1273.828,0,1273.828
"Bulgaria","2022-09",1110.114,0,1110.114
"Bulgaria","2022-10",961.792,0,961.792
"Bulgaria","2022-11",856.066,0,856.066
"Bulgaria","2022-12",1159.626,0,1159.626
"Bulgaria","2023-01",776.628,0,776.628
"Bulgaria","2023-02",871.696,0,871.696
"Bulgaria","2023-03",849.585,0,849.585
"Bulgaria","2023-04",1012.878,0,1012.878
"Bulgaria","2023-05",707.115,0,707.115
"Bulgaria","2023-06",713.662,0,713.662
"Bulgaria","2023-07",1297.778,0,1297.778
"Bulgaria","2023-08",1446.495,0,1446.495
"Bulgaria","2023-09",1372.083,0,1372.083
"Bulgaria","2023-10",1364.305,0,1364.305
"Bulgaria","2023-11",1218.562,0,1218.562
"Bulgaria","2023-12",1271.145,0,1271.145
"Bulgaria","2024-01",1169.52,0,1169.52
"Bulgaria","2024-02",1172.888,0,1172.888
"Bulgaria","2024-03",1362.521,0,1362.521
"Bulgaria","2024-04",1163.332,0,1163.332
"Bulgaria","2024-05",1368.996,0,1368.996
"Bulgaria","2024-06",1106.651,0,1106.651
"Bulgaria","2024-07",1429.729,0,1429.729
"Bulgaria","2024-08",1394.865,0,1394.865
"Bulgaria","2024-09",1351.541,0,1351.541
"Bulgaria","2024-10",1406.062,0,1406.062
"Bulgaria","2024-11",1405.618,0,1405.618
"Bulgaria","2024-12",1449.992,0,1449.992
"Bulgaria","2025-01",1478.314,0,1478.314
"Bulgaria","2025-02",1469.831,0,1469.831
"Bulgaria","2025-03",1333.114,0,1333.114
"Bulgaria","2025-04",1183.72,0,1183.72
"Bulgaria","2025-05",1340.205,0,1340.205
"Bulgaria","2025-06",1055.143,0,1055.143
"Bulgaria","2025-07",1495.229,0,1495.229
"Bulgaria","2025-08",1469.31,0,1469.31
"Germany","2019-01",5127,0,5127
"Germany","2019-02",4549,0,4549
"Germany","2019-03",5023,0,5023
"Germany","2019-04",5098,0,5098
"Germany","2019-05",5019,0,5019
"Germany","2019-06",4776,0,4776
"Germany","2019-07",3177,0,3177
"Germany","2019-08",4765,0,4765
"Germany","2019-09",4719,0,4719
"Germany","2019-10",4883,0,4883
"Germany","2019-11",4839,0,4839
"Germany","2019-12",5019,0,5019
"Germany","2020-01",5087.701,0,5087.701
"Germany","2020-02",4735.069,0,4735.069
"Germany","2020-03",5025.489,0,5025.489
"Germany","2020-04",4860.468,0,4860.468
"Germany","2020-05",5023.006,0,5023.006
"Germany","2020-06",4973.164,0,4973.164
"Germany","2020-07",3046.47,0,3046.47
"Germany","2020-08",5025.071,0,5025.071
"Germany","2020-09",4821.036,0,4821.036
"Germany","2020-10",5068.08,0,5068.08
"Germany","2020-11",4908.671,0,4908.671
"Germany","2020-12",5147.778,0,5147.778
"Germany","2021-01",5231.082,0,5231.082
"Germany","2021-02",4632.046,0,4632.046
"Germany","2021-03",5055.982,0,5055.982
"Germany","2021-04",4885.92,0,4885.92
"Germany","2021-05",5026.483,0,5026.483
"Germany","2021-06",4763.817,0,4763.817
"Germany","2021-07",3269.762,0,3269.762
"Germany","2021-08",5005.853,0,5005.853
"Germany","2021-09",4869.683,0,4869.683
"Germany","2021-10",5012.221,0,5012.221
"Germany","2021-11",5017.635,0,5017.635
"Germany","2021-12",5192.534,0,5192.534
"Germany","2022-01",4771.9,0,4771.9
"Germany","2022-02",4488.998,0,4488.998
"Germany","2022-03",4852.934,0,4852.934
"Germany","2022-04",4819.831,0,4819.831
"Germany","2022-05",5000.845,0,5000.845
"Germany","2022-06",3048.891,0,3048.891
"Germany","2022-07",1196.241,0,1196.241
"Germany","2022-08",952.901,0,952.901
"Germany","2022-09",0,0,0
"Germany","2022-10",0.07,0,0.07
"Germany","2022-11",0,0,0
"Germany","2022-12",0,0,0
"Germany","2023-01",0,0,0
"Germany","2023-02",0,0,0
"Germany","2023-03",0,0,0
"Germany","2023-04",0,0,0
"Germany","2023-05",0,0,0
"Germany","2023-06",0,0,0
"Germany","2023-07",0,0,0
"Germany","2023-08",0,0,0
"Germany","2023-09",0,0,0
"Germany","2023-10",0,0,0
"Germany","2023-11",0,0,0
"Germany","2023-12",0,0,0
"Germany","2024-01",0,0,0
"Germany","2024-02",0,0,0
"Germany","2024-03",0,0,0
"Germany","2024-04",0,0,0
"Germany","2024-05",0,0,0
"Germany","2024-06",0,0,0
"Germany","2024-07",0,0,0
"Germany","2024-08",0,0,0
"Germany","2024-09",0,0,0
"Germany","2024-10",0,0,0
"Germany","2024-11",0,0,0
"Germany","2024-12",0,0,0
"Germany","2025-01",0,0,0
"Germany","2025-02",0,0,0
"Germany","2025-03",0,0,0
"Germany","2025-04",0,0,0
"Germany","2025-05",0,0,0
"Germany","2025-06",0,0,0
"Germany","2025-07",0,0,0
"Germany","2025-08",0,0,0
"Denmark","2019-01",0,0,0
"Denmark","2019-02",0,0,0
"Denmark","2019-03",0,0,0
"Denmark","2019-04",0,0,0
"Denmark","2019-05",0,0,0
"Denmark","2019-06",0,0,0
"Denmark","2019-07",0,0,0
"Denmark","2019-08",0,0,0
"Denmark","2019-09",0,0,0
"Denmark","2019-10",0,0,0
"Denmark","2019-11",0,0,0
"Denmark","2019-12",0,0,0
"Denmark","2020-01",0,0,0
"Denmark","2020-02",0,0,0
"Denmark","2020-03",0,0,0
"Denmark","2020-04",0,0,0
"Denmark","2020-05",0,0,0
"Denmark","2020-06",0,0,0
"Denmark","2020-07",0,0,0
"Denmark","2020-08",0,0,0
"Denmark","2020-09",0,0,0
"Denmark","2020-10",0,0,0
"Denmark","2020-11",0,0,0
"Denmark","2020-12",0,0,0
"Denmark","2021-01",0,0,0
"Denmark","2021-02",0,0,0
"Denmark","2021-03",0,0,0
"Denmark","2021-04",0,0,0
"Denmark","2021-05",0,0,0
"Denmark","2021-06",0,0,0
"Denmark","2021-07",0,0,0
"Denmark","2021-08",0,0,0
"Denmark","2021-09",0,0,0
"Denmark","2021-10",0,0,0
"Denmark","2021-11",0,0,0
"Denmark","2021-12",0,0,0
"Denmark","2022-01",0,0,0
"Denmark","2022-02",0,0,0
"Denmark","2022-03",0,0,0
"Denmark","2022-04",0,0,0
"Denmark","2022-05",0,0,0
"Denmark","2022-06",0,0,0
"Denmark","2022-07",0,0,0
"Denmark","2022-08",0,0,0
"Denmark","2022-09",0,0,0
"Denmark","2022-10",0,0,0
"Denmark","2022-11",0,0,0
"Denmark","2022-12",0,0,0
"Denmark","2023-01",0,0,0
"Denmark","2023-02",0,0,0
"Denmark","2023-03",0,0,0
"Denmark","2023-04",0,0,0
"Denmark","2023-05",0,0,0
"Denmark","2023-06",0,0,0
"Denmark","2023-07",0,0,0
"Denmark","2023-08",0,0,0
"Denmark","2023-09",0,0,0
"Denmark","2023-10",0,0,0
"Denmark","2023-11",0,0,0
"Denmark","2023-12",0,0,0
"Denmark","2024-01",0,0,0
"Denmark","2024-02",0,0,0
"Denmark","2024-03",0,0,0
"Denmark","2024-04",0,0,0
"Denmark","2024-05",0,0,0
"Denmark","2024-06",0,0,0
"Denmark","2024-07",0,0,0
"Denmark","2024-08",0,0,0
"Denmark","2024-09",0,0,0
"Denmark","2024-10",0,0,0
"Denmark","2024-11",0,0,0
"Denmark","2024-12",0,0,0
"Denmark","2025-01",0,0,0
"Denmark","2025-02",0,0,0
"Denmark","2025-03",0,0,0
"Denmark","2025-04",0,0,0
"Denmark","2025-05",0,0,0
"Denmark","2025-06",0,0,0
"Denmark","2025-07",0,0,0
"Denmark","2025-08",0,0,0
"Denmark","2025-09",0,0,0
"Spain","2019-01",91,0.396553703703704,91.3965537037037
"Spain","2019-02",98,0.396553703703704,98.3965537037037
"Spain","2019-03",0,0.396553703703704,0.396553703703704
"Spain","2019-04",97,0.396553703703704,97.3965537037037
"Spain","2019-05",205,0.396553703703704,205.396553703704
"Spain","2019-06",191,0.396553703703704,191.396553703704
"Spain","2019-07",567,0.396553703703704,567.396553703704
"Spain","2019-08",572,0.396553703703704,572.396553703704
"Spain","2019-09",665,0.396553703703704,665.396553703704
"Spain","2019-10",289,0.396553703703704,289.396553703704
"Spain","2019-11",103,0.396553703703704,103.396553703704
"Spain","2019-12",290,0.396553703703704,290.396553703704
"Spain","2020-01",292,0.400848148148148,292.400848148148
"Spain","2020-02",97,0.400848148148148,97.4008481481481
"Spain","2020-03",476,0.400848148148148,476.400848148148
"Spain","2020-04",195,0.400848148148148,195.400848148148
"Spain","2020-05",195,0.400848148148148,195.400848148148
"Spain","2020-06",388,0.400848148148148,388.400848148148
"Spain","2020-07",286,0.400848148148148,286.400848148148
"Spain","2020-08",184,0.400848148148148,184.400848148148
"Spain","2020-09",471,0.400848148148148,471.400848148148
"Spain","2020-10",273,0.400848148148148,273.400848148148
"Spain","2020-11",385,0.400848148148148,385.400848148148
"Spain","2020-12",145,0.400848148148148,145.400848148148
"Spain","2021-01",234.867,0.508390740740741,235.375390740741
"Spain","2021-02",483.315,0.508390740740741,483.823390740741
"Spain","2021-03",287.278,0.508390740740741,287.786390740741
"Spain","2021-04",194.115,0.508390740740741,194.623390740741
"Spain","2021-05",192.364,0.508390740740741,192.872390740741
"Spain","2021-06",585.905,0.508390740740741,586.413390740741
"Spain","2021-07",196.019,0.508390740740741,196.527390740741
"Spain","2021-08",198.134,0.508390740740741,198.642390740741
"Spain","2021-09",0,0.508390740740741,0.508390740740741
"Spain","2021-10",227.777,0.508390740740741,228.285390740741
"Spain","2021-11",320.52,0.508390740740741,321.028390740741
"Spain","2021-12",373.151,0.508390740740741,373.659390740741
"Spain","2022-01",193.763,0.684524074074074,194.447524074074
"Spain","2022-02",193.328,0.684524074074074,194.012524074074
"Spain","2022-03",291.518,0.684524074074074,292.202524074074
"Spain","2022-04",291.587,0.684524074074074,292.271524074074
"Spain","2022-05",387.573,0.684524074074074,388.257524074074
"Spain","2022-06",778.405,0.684524074074074,779.089524074074
"Spain","2022-07",472.898,0.684524074074074,473.582524074074
"Spain","2022-08",497.979,0.684524074074074,498.663524074074
"Spain","2022-09",476.327,0.684524074074074,477.011524074074
"Spain","2022-10",384.96,0.684524074074074,385.644524074074
"Spain","2022-11",445.01,0.684524074074074,445.694524074074
"Spain","2022-12",485.029,0.684524074074074,485.713524074074
"Spain","2023-01",566.76,0.712918518518519,567.472918518519
"Spain","2023-02",486.117,0.712918518518519,486.829918518519
"Spain","2023-03",485.618,0.712918518518519,486.330918518519
"Spain","2023-04",579.301,0.712918518518519,580.013918518519
"Spain","2023-05",859.45,0.712918518518519,860.162918518519
"Spain","2023-06",682.476,0.712918518518519,683.188918518519
"Spain","2023-07",779.494,0.712918518518519,780.206918518519
"Spain","2023-08",295.467,0.712918518518519,296.179918518518
"Spain","2023-09",289.854,0.712918518518519,290.566918518518
"Spain","2023-10",380.73,0.712918518518519,381.442918518519
"Spain","2023-11",572.729,0.712918518518519,573.441918518519
"Spain","2023-12",487.517,0.712918518518519,488.229918518519
"Spain","2024-01",772.692,0.749224074074074,773.441224074074
"Spain","2024-02",474.719,0.749224074074074,475.468224074074
"Spain","2024-03",665.931,0.749224074074074,666.680224074074
"Spain","2024-04",475.18,0.749224074074074,475.929224074074
"Spain","2024-05",570.644,0.749224074074074,571.393224074074
"Spain","2024-06",505.294,0.749224074074074,506.043224074074
"Spain","2024-07",677.518,0.749224074074074,678.267224074074
"Spain","2024-08",566.3,0.749224074074074,567.049224074074
"Spain","2024-09",299.574,0.749224074074074,300.323224074074
"Spain","2024-10",370.816,0.749224074074074,371.565224074074
"Spain","2024-11",569.595,0.749224074074074,570.344224074074
"Spain","2024-12",487.874,0.749224074074074,488.623224074074
"Spain","2025-01",574.919,0,574.919
"Spain","2025-02",194.815,0,194.815
"Spain","2025-03",390.769,0,390.769
"Spain","2025-04",390.262,0,390.262
"Spain","2025-05",489.654,0,489.654
"Spain","2025-06",290.639,0,290.639
"Spain","2025-07",191.192,0,191.192
"Spain","2025-08",191.394,0,191.394
"Spain","2025-09",0,0,0
"Finland","2019-01",354,0.0169010925925926,354.016901092593
"Finland","2019-02",266,0.0169010925925926,266.016901092593
"Finland","2019-03",248,0.0169010925925926,248.016901092593
"Finland","2019-04",210,0.0169010925925926,210.016901092593
"Finland","2019-05",155,0.0169010925925926,155.016901092593
"Finland","2019-06",140,0.0169010925925926,140.016901092593
"Finland","2019-07",154,0.0169010925925926,154.016901092593
"Finland","2019-08",148,0.0169010925925926,148.016901092593
"Finland","2019-09",173,0.0169010925925926,173.016901092593
"Finland","2019-10",210,0.0169010925925926,210.016901092593
"Finland","2019-11",228,0.0169010925925926,228.016901092593
"Finland","2019-12",243,0.0169010925925926,243.016901092593
"Finland","2020-01",171,0.0254044444444444,171.025404444444
"Finland","2020-02",157,0.0254044444444444,157.025404444444
"Finland","2020-03",150,0.0254044444444444,150.025404444444
"Finland","2020-04",110,0.0254044444444444,110.025404444444
"Finland","2020-05",140,0.0254044444444444,140.025404444444
"Finland","2020-06",98,0.0254044444444444,98.0254044444444
"Finland","2020-07",122,0.0254044444444444,122.025404444444
"Finland","2020-08",174,0.0254044444444444,174.025404444444
"Finland","2020-09",151,0.0254044444444444,151.025404444444
"Finland","2020-10",150,0.0254044444444444,150.025404444444
"Finland","2020-11",152,0.0254044444444444,152.025404444444
"Finland","2020-12",203,0.0254044444444444,203.025404444444
"Finland","2021-01",279,0.0263431481481481,279.026343148148
"Finland","2021-02",284,0.0263431481481481,284.026343148148
"Finland","2021-03",212,0.0263431481481481,212.026343148148
"Finland","2021-04",129,0.0263431481481481,129.026343148148
"Finland","2021-05",97,0.0263431481481481,97.0263431481481
"Finland","2021-06",121,0.0263431481481481,121.026343148148
"Finland","2021-07",138,0.0263431481481481,138.026343148148
"Finland","2021-08",133,0.0263431481481481,133.026343148148
"Finland","2021-09",132,0.0263431481481481,132.026343148148
"Finland","2021-10",128,0.0263431481481481,128.026343148148
"Finland","2021-11",81,0.0263431481481481,81.0263431481481
"Finland","2021-12",231,0.0263431481481481,231.026343148148
"Finland","2022-01",98,0.034627962962963,98.034627962963
"Finland","2022-02",99,0.034627962962963,99.034627962963
"Finland","2022-03",196,0.034627962962963,196.034627962963
"Finland","2022-04",58,0.034627962962963,58.034627962963
"Finland","2022-05",104,0.034627962962963,104.034627962963
"Finland","2022-06",21,0.034627962962963,21.034627962963
"Finland","2022-07",11,0.034627962962963,11.034627962963
"Finland","2022-08",27,0.034627962962963,27.034627962963
"Finland","2022-09",22,0.034627962962963,22.034627962963
"Finland","2022-10",20,0.034627962962963,20.034627962963
"Finland","2022-11",17,0.034627962962963,17.034627962963
"Finland","2022-12",35,0.034627962962963,35.034627962963
"Finland","2023-01",21,0.0246518518518519,21.0246518518519
"Finland","2023-02",22,0.0246518518518519,22.0246518518519
"Finland","2023-03",10,0.0246518518518519,10.0246518518519
"Finland","2023-04",21,0.0246518518518519,21.0246518518519
"Finland","2023-05",0,0.0246518518518519,0.0246518518518519
"Finland","2023-06",0,0.0246518518518519,0.0246518518518519
"Finland","2023-07",19,0.0246518518518519,19.0246518518519
"Finland","2023-08",14,0.0246518518518519,14.0246518518519
"Finland","2023-09",27,0.0246518518518519,27.0246518518519
"Finland","2023-10",18,0.0246518518518519,18.0246518518519
"Finland","2023-11",10,0.0246518518518519,10.0246518518519
"Finland","2023-12",27,0.0246518518518519,27.0246518518519
"Finland","2024-01",11,0.0195411111111111,11.0195411111111
"Finland","2024-02",25,0.0195411111111111,25.0195411111111
"Finland","2024-03",21,0.0195411111111111,21.0195411111111
"Finland","2024-04",24,0.0195411111111111,24.0195411111111
"Finland","2024-05",14,0.0195411111111111,14.0195411111111
"Finland","2024-06",32,0.0195411111111111,32.0195411111111
"Finland","2024-07",26,0.0195411111111111,26.0195411111111
"Finland","2024-08",0,0.0195411111111111,0.0195411111111111
"Finland","2024-09",0,0.0195411111111111,0.0195411111111111
"Finland","2024-10",0,0.0195411111111111,0.0195411111111111
"Finland","2024-11",0,0.0195411111111111,0.0195411111111111
"Finland","2024-12",0,0.0195411111111111,0.0195411111111111
"Finland","2025-01",0,0,0
"Finland","2025-02",0,0,0
"Finland","2025-03",0,0,0
"Finland","2025-04",0,0,0
"Finland","2025-05",0,0,0
"Finland","2025-06",0,0,0
"Finland","2025-07",0,0,0
"Finland","2025-08",0,0,0
"Finland","2025-09",0,0,0
"France","2019-01",0,0.646903703703704,0.646903703703704
"France","2019-02",0,0.646903703703704,0.646903703703704
"France","2019-03",0,0.646903703703704,0.646903703703704
"France","2019-04",0,0.646903703703704,0.646903703703704
"France","2019-05",0,0.646903703703704,0.646903703703704
"France","2019-06",0,0.646903703703704,0.646903703703704
"France","2019-07",0,0.646903703703704,0.646903703703704
"France","2019-08",0,0.646903703703704,0.646903703703704
"France","2019-09",0,0.646903703703704,0.646903703703704
"France","2019-10",0,0.646903703703704,0.646903703703704
"France","2019-11",0,0.646903703703704,0.646903703703704
"France","2019-12",0,0.646903703703704,0.646903703703704
"France","2021-01",0,0.881542592592592,0.881542592592592
"France","2021-02",0,0.881542592592592,0.881542592592592
"France","2021-03",0,0.881542592592592,0.881542592592592
"France","2021-04",0,0.881542592592592,0.881542592592592
"France","2021-05",0,0.881542592592592,0.881542592592592
"France","2021-06",0,0.881542592592592,0.881542592592592
"France","2021-07",0,0.881542592592592,0.881542592592592
"France","2021-08",0,0.881542592592592,0.881542592592592
"France","2021-09",0,0.881542592592592,0.881542592592592
"France","2021-10",0,0.881542592592592,0.881542592592592
"France","2021-11",0,0.881542592592592,0.881542592592592
"France","2021-12",0,0.881542592592592,0.881542592592592
"France","2022-01",0,0.853777777777778,0.853777777777778
"France","2022-02",0,0.853777777777778,0.853777777777778
"France","2022-03",0,0.853777777777778,0.853777777777778
"France","2022-04",0,0.853777777777778,0.853777777777778
"France","2022-05",0,0.853777777777778,0.853777777777778
"France","2022-06",0,0.853777777777778,0.853777777777778
"France","2022-07",0,0.853777777777778,0.853777777777778
"France","2022-08",0,0.853777777777778,0.853777777777778
"France","2022-09",0,0.853777777777778,0.853777777777778
"France","2022-10",0,0.853777777777778,0.853777777777778
"France","2022-11",0,0.853777777777778,0.853777777777778
"France","2022-12",0,0.853777777777778,0.853777777777778
"France","2023-01",0,0.647787037037037,0.647787037037037
"France","2023-02",0,0.647787037037037,0.647787037037037
"France","2023-03",0,0.647787037037037,0.647787037037037
"France","2023-04",0,0.647787037037037,0.647787037037037
"France","2023-05",0,0.647787037037037,0.647787037037037
"France","2023-06",0,0.647787037037037,0.647787037037037
"France","2023-07",0,0.647787037037037,0.647787037037037
"France","2023-08",0,0.647787037037037,0.647787037037037
"France","2023-09",0,0.647787037037037,0.647787037037037
"France","2023-10",0,0.647787037037037,0.647787037037037
"France","2023-11",0,0.647787037037037,0.647787037037037
"France","2023-12",0,0.647787037037037,0.647787037037037
"France","2024-01",0,1.17440740740741,1.17440740740741
"France","2024-02",0,1.17440740740741,1.17440740740741
"France","2024-03",0,1.17440740740741,1.17440740740741
"France","2024-04",0,1.17440740740741,1.17440740740741
"France","2024-05",0,1.17440740740741,1.17440740740741
"France","2024-06",0,1.17440740740741,1.17440740740741
"France","2024-07",0,1.17440740740741,1.17440740740741
"France","2024-08",0,1.17440740740741,1.17440740740741
"France","2024-09",0,1.17440740740741,1.17440740740741
"France","2024-10",0,1.17440740740741,1.17440740740741
"France","2024-11",0,1.17440740740741,1.17440740740741
"France","2024-12",0,1.17440740740741,1.17440740740741
"France","2025-01",0,0,0
"France","2025-02",0,0,0
"France","2025-03",0,0,0
"France","2025-04",0,0,0
"France","2025-05",0,0,0
"France","2025-06",0,0,0
"France","2025-07",0,0,0
"France","2025-08",0,0,0
"France","2025-09",0,0,0
"Netherlands","2019-01",189.722,0,189.722
"Netherlands","2019-02",0,0,0
"Netherlands","2019-03",261.503,0,261.503
"Netherlands","2019-04",3.854,0,3.854
"Netherlands","2019-05",273.992,0,273.992
"Netherlands","2019-06",333.972,0,333.972
"Netherlands","2019-07",333.692,0,333.692
"Netherlands","2019-08",375.975,0,375.975
"Netherlands","2019-09",369.844,0,369.844
"Netherlands","2019-10",96.965,0,96.965
"Netherlands","2019-11",271.874,0,271.874
"Netherlands","2019-12",467.429,0,467.429
"Netherlands","2020-01",429.228,0,429.228
"Netherlands","2020-02",317.488,0,317.488
"Netherlands","2020-03",616.588,0,616.588
"Netherlands","2020-04",194.629,0,194.629
"Netherlands","2020-05",460.715,0,460.715
"Netherlands","2020-06",246.324,0,246.324
"Netherlands","2020-07",410.231,0,410.231
"Netherlands","2020-08",144.907,0,144.907
"Netherlands","2020-09",147.021,0,147.021
"Netherlands","2020-10",80.624,0,80.624
"Netherlands","2020-11",247.928,0,247.928
"Netherlands","2020-12",361.485,0,361.485
"Netherlands","2021-01",245.969,0.393716666666667,246.362716666667
"Netherlands","2021-02",150.17,0.393716666666667,150.563716666667
"Netherlands","2021-03",225.622,0.393716666666667,226.015716666667
"Netherlands","2021-04",444.302,0.393716666666667,444.695716666667
"Netherlands","2021-05",246.572,0.393716666666667,246.965716666667
"Netherlands","2021-06",364.11,0.393716666666667,364.503716666667
"Netherlands","2021-07",95.157,0.393716666666667,95.5507166666667
"Netherlands","2021-08",121.325,0.393716666666667,121.718716666667
"Netherlands","2021-09",236.251,0.393716666666667,236.644716666667
"Netherlands","2021-10",374.688,0.393716666666667,375.081716666667
"Netherlands","2021-11",349.987,0.393716666666667,350.380716666667
"Netherlands","2021-12",396.131,0.393716666666667,396.524716666667
"Netherlands","2022-01",321.91,0.539983333333333,322.449983333333
"Netherlands","2022-02",376.585,0.539983333333333,377.124983333333
"Netherlands","2022-03",481.966,0.539983333333333,482.505983333333
"Netherlands","2022-04",352.404,0.539983333333333,352.943983333333
"Netherlands","2022-05",252.732,0.539983333333333,253.271983333333
"Netherlands","2022-06",116.712,0.539983333333333,117.251983333333
"Netherlands","2022-07",235.18,0.539983333333333,235.719983333333
"Netherlands","2022-08",222.562,0.539983333333333,223.101983333333
"Netherlands","2022-09",118.483,0.539983333333333,119.022983333333
"Netherlands","2022-10",130.047,0.539983333333333,130.586983333333
"Netherlands","2022-11",114.3,0.539983333333333,114.839983333333
"Netherlands","2022-12",116.905,0.539983333333333,117.444983333333
"Netherlands","2023-01",128.267,0.208288888888889,128.475288888889
"Netherlands","2023-02",110.128,0.208288888888889,110.336288888889
"Netherlands","2023-03",121.968,0.208288888888889,122.176288888889
"Netherlands","2023-04",127.063,0.208288888888889,127.271288888889
"Netherlands","2023-05",130.226,0.208288888888889,130.434288888889
"Netherlands","2023-06",0,0.208288888888889,0.208288888888889
"Netherlands","2023-07",0,0.208288888888889,0.208288888888889
"Netherlands","2023-08",112.924,0.208288888888889,113.132288888889
"Netherlands","2023-09",118.38,0.208288888888889,118.588288888889
"Netherlands","2023-10",118.532,0.208288888888889,118.740288888889
"Netherlands","2023-11",121.923,0.208288888888889,122.131288888889
"Netherlands","2023-12",118.257,0.208288888888889,118.465288888889
"Netherlands","2024-01",110.422,0.230655555555556,110.652655555556
"Netherlands","2024-02",130.761,0.230655555555556,130.991655555556
"Netherlands","2024-03",113.689,0.230655555555556,113.919655555556
"Netherlands","2024-04",0,0.230655555555556,0.230655555555556
"Netherlands","2024-05",120.863,0.230655555555556,121.093655555556
"Netherlands","2024-06",119.904,0.230655555555556,120.134655555556
"Netherlands","2024-07",240.31,0.230655555555556,240.540655555556
"Netherlands","2024-08",209.143,0.230655555555556,209.373655555556
"Netherlands","2024-09",264.176,0.230655555555556,264.406655555556
"Netherlands","2024-10",244.848,0.230655555555556,245.078655555556
"Netherlands","2024-11",233.656,0.230655555555556,233.886655555556
"Netherlands","2024-12",278.766,0.230655555555556,278.996655555556
"Netherlands","2025-01",248.058,0,248.058
"Netherlands","2025-02",254.219,0,254.219
"Netherlands","2025-03",269.346,0,269.346
"Netherlands","2025-04",120.096,0,120.096
"Netherlands","2025-05",242.936,0,242.936
"Netherlands","2025-06",249.695,0,249.695
"Netherlands","2025-07",116.047,0,116.047
"Netherlands","2025-08",272.516,0,272.516
"Netherlands","2025-09",293.439,0,293.439
"Poland","2019-01",3,0,3
"Poland","2019-02",2,0,2
"Poland","2019-03",3,0,3
"Poland","2019-04",3,0,3
"Poland","2019-05",3,0,3
"Poland","2019-06",3,0,3
"Poland","2019-07",2,0,2
"Poland","2019-08",2,0,2
"Poland","2019-09",3,0,3
"Poland","2019-10",4,0,4
"Poland","2019-11",6,0,6
"Poland","2019-12",5,0,5
"Poland","2020-01",4.233,0,4.233
"Poland","2020-02",4.757,0,4.757
"Poland","2020-03",4.808,0,4.808
"Poland","2020-04",3.575,0,3.575
"Poland","2020-05",3.783,0,3.783
"Poland","2020-06",4.307,0,4.307
"Poland","2020-07",4.582,0,4.582
"Poland","2020-08",5.492,0,5.492
"Poland","2020-09",5.874,0,5.874
"Poland","2020-10",4.944,0,4.944
"Poland","2020-11",7.768,0,7.768
"Poland","2020-12",6.289,0,6.289
"Poland","2021-01",5.312,0,5.312
"Poland","2021-02",6.251,0,6.251
"Poland","2021-03",7.32,0,7.32
"Poland","2021-04",6.075,0,6.075
"Poland","2021-05",5.619,0,5.619
"Poland","2021-06",3.068,0,3.068
"Poland","2021-07",2.586,0,2.586
"Poland","2021-08",6.467,0,6.467
"Poland","2021-09",7.336,0,7.336
"Poland","2021-10",7.081,0,7.081
"Poland","2021-11",9.247,0,9.247
"Poland","2021-12",9.012,0,9.012
"Poland","2022-01",4.349,0,4.349
"Poland","2022-02",5.621,0,5.621
"Poland","2022-03",8.558,0,8.558
"Poland","2022-04",5.852,0,5.852
"Poland","2022-05",5.357,0,5.357
"Poland","2022-06",5.627,0,5.627
"Poland","2022-07",6.324,0,6.324
"Poland","2022-08",4.857,0,4.857
"Poland","2022-09",4.385,0,4.385
"Poland","2022-10",0.276,0,0.276
"Poland","2022-11",0.05,0,0.05
"Poland","2022-12",0.757,0,0.757
"Poland","2023-01",1.268,0,1.268
"Poland","2023-02",0.979,0,0.979
"Poland","2023-03",1.753,0,1.753
"Poland","2023-04",0.964,0,0.964
"Poland","2023-05",1.351,0,1.351
"Poland","2023-06",1.207,0,1.207
"Poland","2023-07",0.051,0,0.051
"Poland","2023-08",0,0,0
"Poland","2023-09",0,0,0
"Poland","2023-10",0,0,0
"Poland","2023-11",0,0,0
"Poland","2023-12",0,0,0
"Poland","2024-01",0,0,0
"Poland","2024-02",0,0,0
"Poland","2024-03",0,0,0
"Poland","2024-04",0,0,0
"Poland","2024-05",0,0,0
"Poland","2024-06",0,0,0
"Poland","2024-07",0,0,0
"Poland","2024-08",0,0,0
"Poland","2024-09",0,0,0
"Poland","2024-10",0,0,0
"Poland","2024-11",0,0,0
"Poland","2024-12",0,0,0
"Poland","2025-01",0,0,0
"Poland","2025-02",0,0,0
"Poland","2025-03",0,0,0
"Poland","2025-04",0,0,0
"Poland","2025-05",0,0,0
"Poland","2025-06",0,0,0
"Poland","2025-07",0,0,0
"Poland","2025-08",0,0,0
"Poland","2025-09",0,0,0
"Sweden","2019-01",0,0.0131311111111111,0.0131311111111111
"Sweden","2019-02",0,0.0131311111111111,0.0131311111111111
"Sweden","2019-03",0,0.0131311111111111,0.0131311111111111
"Sweden","2019-04",0,0.0131311111111111,0.0131311111111111
"Sweden","2019-05",20,0.0131311111111111,20.0131311111111
"Sweden","2019-06",7,0.0131311111111111,7.01313111111111
"Sweden","2019-07",1,0.0131311111111111,1.01313111111111
"Sweden","2019-08",6,0.0131311111111111,6.01313111111111
"Sweden","2019-09",2,0.0131311111111111,2.01313111111111
"Sweden","2019-10",1,0.0131311111111111,1.01313111111111
"Sweden","2019-11",11,0.0131311111111111,11.0131311111111
"Sweden","2019-12",17,0.0131311111111111,17.0131311111111
"Sweden","2020-02",2,0.0246190740740741,2.02461907407407
"Sweden","2020-04",1.06,0.0246190740740741,1.08461907407407
"Sweden","2020-05",11.5,0.0246190740740741,11.5246190740741
"Sweden","2020-06",14.72,0.0246190740740741,14.7446190740741
"Sweden","2020-08",6,0.0246190740740741,6.02461907407407
"Sweden","2020-10",18,0.0246190740740741,18.0246190740741
"Sweden","2020-11",18,0.0246190740740741,18.0246190740741
"Sweden","2020-12",39,0.0246190740740741,39.0246190740741
"Sweden","2021-01",18,0.0291866666666667,18.0291866666667
"Sweden","2021-02",33,0.0291866666666667,33.0291866666667
"Sweden","2021-03",16,0.0291866666666667,16.0291866666667
"Sweden","2021-04",19,0.0291866666666667,19.0291866666667
"Sweden","2021-05",0,0.0291866666666667,0.0291866666666667
"Sweden","2021-06",0,0.0291866666666667,0.0291866666666667
"Sweden","2021-07",0,0.0291866666666667,0.0291866666666667
"Sweden","2021-08",0,0.0291866666666667,0.0291866666666667
"Sweden","2021-09",0,0.0291866666666667,0.0291866666666667
"Sweden","2021-10",0,0.0291866666666667,0.0291866666666667
"Sweden","2021-11",0,0.0291866666666667,0.0291866666666667
"Sweden","2021-12",0,0.0291866666666667,0.0291866666666667
"Sweden","2022-01",20.167,0.01191,20.17891
"Sweden","2022-02",9.984,0.01191,9.99591
"Sweden","2022-03",0,0.01191,0.01191
"Sweden","2022-04",0,0.01191,0.01191
"Sweden","2022-05",0,0.01191,0.01191
"Sweden","2022-06",0,0.01191,0.01191
"Sweden","2022-07",0,0.01191,0.01191
"Sweden","2022-08",0,0.01191,0.01191
"Sweden","2022-09",5.289,0.01191,5.30091
"Sweden","2022-10",0,0.01191,0.01191
"Sweden","2022-11",0,0.01191,0.01191
"Sweden","2022-12",0,0.01191,0.01191
"Sweden","2023-01",16.903,0.0151001851851852,16.9181001851852
"Sweden","2023-02",0,0.0151001851851852,0.0151001851851852
"Sweden","2023-03",0,0.0151001851851852,0.0151001851851852
"Sweden","2023-04",0,0.0151001851851852,0.0151001851851852
"Sweden","2023-05",0,0.0151001851851852,0.0151001851851852
"Sweden","2023-06",0,0.0151001851851852,0.0151001851851852
"Sweden","2023-07",7.197,0.0151001851851852,7.21210018518518
"Sweden","2023-08",12.38,0.0151001851851852,12.3951001851852
"Sweden","2023-09",9.584,0.0151001851851852,9.59910018518518
"Sweden","2023-10",11.243,0.0151001851851852,11.2581001851852
"Sweden","2023-11",12.857,0.0151001851851852,12.8721001851852
"Sweden","2023-12",12.229,0.0151001851851852,12.2441001851852
"Sweden","2024-01",8.122,0.00829685185185185,8.13029685185185
"Sweden","2024-02",16.732,0.00829685185185185,16.7402968518519
"Sweden","2024-03",10.877,0.00829685185185185,10.8852968518519
"Sweden","2024-04",7.503,0.00829685185185185,7.51129685185185
"Sweden","2024-05",11.714,0.00829685185185185,11.7222968518519
"Sweden","2024-06",0,0.00829685185185185,0.00829685185185185
"Sweden","2024-07",0,0.00829685185185185,0.00829685185185185
"Sweden","2024-08",0,0.00829685185185185,0.00829685185185185
"Sweden","2024-09",0,0.00829685185185185,0.00829685185185185
"Sweden","2024-10",0,0.00829685185185185,0.00829685185185185
"Sweden","2024-11",0,0.00829685185185185,0.00829685185185185
"Sweden","2024-12",0,0.00829685185185185,0.00829685185185185
"Sweden","2025-01",0,0,0
"Sweden","2025-02",0,0,0
"Sweden","2025-03",0,0,0
"Sweden","2025-04",0,0,0
"Sweden","2025-05",0,0,0
"Sweden","2025-06",0,0,0
"Sweden","2025-07",0,0,0
"Sweden","2025-08",0,0,0
"Sweden","2025-09",0,0,0
